:020000040800F2
:10000000080E002005010008953F0008BB360008D7
:10001000913F00083D0C0008C9480008000000009E
:10002000000000000000000000000000C53F0008C4
:100030007D0C000800000000993F0008C73F000841
:100040001F0100081F0100081F0100081F01000810
:100050001F0100081F0100081F0100088B0C000889
:100060001F0100081F0100081F010008410C0008C3
:100070001F0100081F0100081F0100081F010008E0
:100080001F0100081F0100081F0100081F010008D0
:100090001F0100081F0100081F0100081F010008C0
:1000A0001F010008594000081F0100081F01000837
:1000B00069400008794000081F0100081F0100087E
:1000C0001F0100081F0100081F0100081F01000890
:1000D0001F010008B94800081F0100081F0100089F
:1000E0007F0C00081F0100081F010008DFF810D076
:1000F00000F00AFB004800476D610008AFF3008084
:10010000080E00200648804706480047FEE7FEE745
:10011000FEE7FEE7FEE7FEE7FEE7FEE7FEE7FEE7B7
:1001200055400008ED000008202A04DB203A21FA9F
:1001300002F00021704721FA02F3D040C2F1200200
:100140009140084319467047D2B201E000F8012BF4
:10015000491EFBD270470022F6E710B513460A4647
:1001600004461946FFF7F0FF204610BD0FB400B556
:1001700089B00BA800906A4603480A9900F002F97A
:1001800009B05DF814FB0000B40000202DE9FF5F0A
:100190001D464FF0FF3BD5E9014691465F464FF0C3
:1001A0000008A9697F1C01988847296A8246884708
:1001B0000028F6D1BAF1FF3F0CD024F4C064002E21
:1001C00019DD600614D5BAF12B0F09D0BAF12D0F45
:1001D0000ED103E0584604B0BDE8F09F44F48064BB
:1001E000A9697F1C01988847761E8246002E02DD91
:1001F000BAF1300F03D0B9F1000F26D032E0A9696F
:10020000761E44F400747F1C019888478246002EB5
:1002100005DDBAF1780F06D0BAF1580F03D0B9F165
:10022000000F10D01EE0B9F1000F02D0B9F1100F8D
:1002300018D1A969761E24F400747F1C01988847A0
:100240008246102002E0082000E00A20814609E0F2
:1002500008FB0908A969761E44F400747F1C019804
:1002600088478246002E05DD4946504600F07BF85F
:100270000028EDDAE96901988847A00502D46FF0FB
:100280000100A8E7E00725D1600613D5600502D577
:10029000C8F1000000E0404629680A1D2A6009688C
:1002A000220501D5087015E0220701D5088011E06C
:1002B00008600FE02868011D29600068210502D54B
:1002C00080F8008006E0210702D5A0F8008001E058
:1002D000C0F8008038467EE730B50B460146002066
:1002E0002022012409E021FA02F59D4205D303FAF8
:1002F00002F5491B04FA02F52844151EA2F1010279
:10030000F1DC30BD2DE9F05F0546002092469B46AA
:1003100088460646814640241BE02846414647461B
:100320002246FFF701FF53465A46C01A914110D3A7
:1003300011461846224600F00FFA2D1A67EB010805
:100340004F4622460120002100F006FA17EB000973
:100350004E41201EA4F10104DFDC484631462A4606
:100360004346BDE8F09F3A2800D2303820F0200202
:10037000412A01D3A2F13700884201D34FF0FF3068
:1003800070470000024B9361024BD36100F00CBA3E
:10039000C15B0008490700082DE9FE4F804681EA4D
:1003A0000300C00F0C46009021F0004123F00045EF
:1003B000B8EB0200A94105D24046214690461C46B2
:1003C0000B46024623F00040104347D0270DC7F3E9
:1003D0000A00C3F30A510290401A019040286BDAD8
:1003E000C3F3130040F4801B0098924620B1002311
:1003F000D2EB030A63EB0B0B01985946C0F14002A4
:10040000504600F0A9F906460D4650465946019A55
:1004100000F0B1F910EB08006141002487EA1152A5
:1004200084EAE7731A4340D0009A62B3019A012A22
:100430004FEA075215DC001B61EB02014FF000424E
:1004400002EA0752CDE90042001C41F58011324614
:100450002B4600F0C6F903B0BDE8F08F40462146B8
:10046000F9E7001B61EB0201001C41F58013001845
:100470005B412018A2F5001747EB030140EAD57055
:10048000B6196D4111E06D084FEA360645EAC075B0
:100490004FEA0752001B61EB0201001C41F580117D
:1004A00049084FEA30000019514132462B4603B04B
:1004B000BDE8F04F00F086B900980122400000230B
:1004C000D0EB020263EBE073009821464FEAE07440
:1004D000B8EB000061EB0401E9E783F000435BE760
:1004E00081F0004158E72DE9FE4F81EA030404F052
:1004F000004421F0004100944FF0000B23F0004332
:1005000050EA01045ED052EA03045BD0C3F30A54FC
:10051000C1F30A552C44A4F2F3340194A0FB025415
:10052000C1F3130141F48011C3F3130343F48013A7
:1005300001FB024400FB034E840A970A44EA8154FB
:1005400047EA8357A4FB076802958D0A05FB0785D8
:100550004FEA932C04FB0C542705029D4FEA0658E2
:1005600047EA1637B5EB08056EEB070C870E920EBF
:1005700047EA811742EA8312A7FB0201B6EB0B019F
:1005800064EB00042B0D43EA0C335E1844EB1C5063
:10059000DA465146E7FB0201C5F313044FEA0B3379
:1005A00043EA14534FEA0432019C43EA0603A4F1E0
:1005B0000C040294009CCDE900B400F012F903B0E1
:1005C000BDE8F08F00200146F9E72DE9F04D81EA02
:1005D000030404F0004B21F0004514464FF0000ADC
:1005E00023F0004150EA050220D054EA01021DD058
:1005F000C5F30A570246C5F31303C1F31300C1F351
:100600000A5640F4801543F48013A7EB0608101B2C
:10061000D64608F2FD3873EB050002D308F1010855
:1006200001E092185B41B8F1000F03DA00200146A7
:10063000BDE8F08D00204FF48011064684460EE0A0
:10064000171B73EB050705D3121B63EB050306436A
:100650004CEA010C49084FEA300092185B4150EA1D
:100660000107EDD152EA030012D082EA040083EAC6
:100670000501084305D0101BAB4106D2012200231F
:1006800006E000224FF0004302E06FF00102531039
:100690001AEB06004CEB085110EB0A0041EB0B0182
:1006A000BDE8F04D00F08EB8C1F30A52C1F313015A
:1006B00040F2FF3341F480119A4202DA00200146F1
:1006C000704740F233439A42A2F2334202DC524274
:1006D000FFF72ABD00F040B830B5041E71F10004E8
:1006E00004DB4FF00044404264EB0101141E73F13F
:1006F000000405DB1C464FF00043524263EB040349
:10070000994208BF904230BD064C074D06E0E068B4
:1007100040F0010394E8070098471034AC42F6D348
:10072000FFF7E8FC30D5000850D50008094910B59E
:1007300008784C1C18B1401E0870205C10BD0021C8
:100740000720ABBE207010BD02490878421C0A7019
:1007500070470000BC000020202A04DB203A00FA89
:1007600002F1002070479140C2F1200320FA03F308
:10077000194390407047202A06DBCB17203A41FAF4
:1007800002F043EAE07306E041FA02F3D040C2F11E
:100790002002914008431946704700000268114446
:1007A0001378016018467047D160044951610449CB
:1007B000116200211161114600F066B89D07000822
:1007C0007F08000810B5141E73F1000408DA401CFD
:1007D00041F1000192185B411A4301D120F0010060
:1007E00010BD2DE9F04D92469B4611B1B1FA81F250
:1007F00002E0B0FA80F220329046FFF7ADFF0446E7
:100800000F4640EA0A0041EA0B0153465A460843A4
:1008100013D0114653EA010019D0C8F140025046E6
:10082000FFF782FC05460E46504659464246FFF702
:1008300093FF084305D0012004E020463946BDE877
:10084000F08D0020054346EAE0762C4337430A98B2
:100850006305E40AA0EB08000022FD0A44EA4754BD
:100860000A3002D500200146E9E701051019694167
:10087000DDE9084500196941BDE8F04DA2E7C0B2C5
:100880004FF4F05100F098B92DE9F34F8BB04FF0D1
:10089000000801F10C000C464FF0010B46460DF12B
:1008A000080A01906269012101989047051E2DD028
:1008B000252D2CD0216A8847C0B162690121019899
:1008C0009047216A88470028F7D1411E6269019844
:1008D000904700E0761CA1690B988847216A8847F9
:1008E0000028F7D1E1690B988847DBE7A1690B98ED
:1008F00088470746A84201D1761CD3E7E1690B98E7
:1009000088477F1C02D1B8F1000F6FD047E1002764
:1009100062693D463946019890472A2804D16269A8
:100920000121019890470125DFF888926269012131
:1009300001989047A0F130010A290AD24F45E5DC21
:1009400007EB870100EB4107303FDFD445F010058E
:10095000ECE7E90601D46FF000476C280AD04C2878
:1009600014D0682815D06A280DD074281CD07A2895
:100970001AD01DE062690121019890476C2802D0CD
:1009800045F0040514E045F002050DE045F02005B2
:100990000AE06269012101989047682802D045F079
:1009A000080505E045F4006562690121019890475A
:1009B000C4E9015765283DD019DC58287AD00CDCF1
:1009C000452837D004DC252826D0412831D131E014
:1009D00046282FD047282CD12CE05B2877D06128DF
:1009E00028D063287CD0642823D15AE0D1E06F2836
:1009F00048D008DC66281DD067281BD0692821D084
:100A00006E2816D127E0702845D0732868D0752845
:100A100047D078280DD14DE0A1690B98884705464D
:100A200025283FF469AFE1690B9888476D1C3FF4B6
:100A30006AAFB4E023466A466FF001000B99AFF34A
:100A400000809FE045F040006060A80723464FF01B
:100A5000000236D43EE0E8077FF447AF2068011D6E
:100A600021600068290501D506701BE7290701D51B
:100A7000068017E7A90703D5F117C0E9006111E760
:100A800006600FE745F040006060A80723464FF07E
:100A9000080216D41EE040F60E0125EA010060604F
:100AA00016E045F040006060A80723464FF00A02B8
:100AB00007D40FE045F040006060A80708D5234642
:100AC00010226FF001000B99AFF300805AE007E0AD
:100AD000234610226FF001000B99FFF757FB51E0FE
:100AE0004FF000094F464B46632802D05B2807D0E1
:100AF00041E02079C00601D40120A06001273AE03E
:100B000062690121019890475E2805D14FF00109E3
:100B10006269494601989047216939B900210A461E
:100B2000534643F82120491C0829FADBB0B3216958
:100B300069B9C11700EBD16253110AEB830122F0AE
:100B40001F02821A01200B68904003430B60626908
:100B50000121019890475D28E8D1B9F1000F09D033
:100B60000020514651F82020D24341F82020401C5B
:100B70000828F7DB02AB224600976FF001000B99C3
:100B8000AFF3008000280CDA401C08D1BBF1000F45
:100B900005D04FF0FF300DB0BDE8F08FFFE74046C5
:100BA000F9E7E90701D108F1010806444FF0000B0D
:100BB00078E60000CCCCCC0C7F2801D9002208E0DC
:100BC000064A02EB5002C007127800D1120902F067
:100BD0000F02012090400840704700001AD400081E
:100BE00070B5044600252068806800F0010018B345
:100BF0002068806820F001002168886000F07CFD9A
:100C0000054613E000F078FD401B02280ED920684D
:100C1000806800F0010048B1A06A40F01000A062B6
:100C2000E06A40F00100E062012070BD2068806849
:100C300000F001000028E5D10020F6E700BFFEE744
:100C400010B5024800F038FA10BD0000AC040020D6
:100C500030B590F840500124AC40C56B6C6004681E
:100C600063604468102C04D10468A2600468E160E9
:100C700003E00468A1600468E26030BD704710B50D
:100C80004FF4005000F08CFB10BD10B5022000F0B6
:100C900087FB10BD72B600BFFEE7000038B5024604
:100CA00000230020009000BF92F82400012801D109
:100CB000022038BD012082F8240000BF48680728C0
:100CC00012D21068406B0C79641E04EB84051F245B
:100CD000AC40A0430D796D1E05EB85050C68AC405A
:100CE00020431468606327E048680D2812D210681A
:100CF000006B0C79E41F04EB84051F24AC40A04377
:100D00000D79ED1F05EB85050C68AC402043146898
:100D1000206311E01068C06A0C790D3C04EB840577
:100D20001F24AC40A0430D790D3D05EB85050C68F3
:100D3000AC4020431468E06208680A2812D31068A7
:100D4000C0680C780A3C04EB44050724AC40A0437F
:100D50000D780A3D05EB45058C68AC4020431468CE
:100D6000E0600FE0106800690C7804EB440507248C
:100D7000AC40A0430D7805EB45058C68AC402043A2
:100D8000146820610868102802D00868112827D14B
:100D9000174C1068A0421ED11068806800F4000053
:100DA000F0B91068806840F400001468A06008681A
:100DB000102815D10F4800680F4CB0FBF4F000EB81
:100DC00080004000009002E00098401E00900098D3
:100DD0000028F9D104E0906A40F0200090620123DD
:100DE00000BF002082F8240000BF184661E7000021
:100DF000002401402800002040420F002DE9F0416E
:100E00000446002700250026A84614B90120BDE8A5
:100E1000F081A06810B1207D00B100BFA06A30B998
:100E20000020E06284F82400204600F089F8204683
:100E3000FFF7D6FE0746A06A00F01000002873D125
:100E4000002F71D1A06A20F4885040F00200A06207
:100E5000E16960680843217B40EA41000643A068DD
:100E6000B0F5807F02D0A068012802D14FF48070D5
:100E700000E000200543207D012811D1207B38B9F6
:100E8000A069401E4FF4006141EA4030054307E08D
:100E9000A06A40F02000A062E06A40F00100E06239
:100EA0002068406820F46940284321684860206831
:100EB000806821490840304321688860A068B0F507
:100EC000807F02D0A068012802D14FF4807000E03A
:100ED0000020B0F5807F03D1208A401E4FEA0058E1
:100EE0002068C06A20F4700040EA08002168C862E7
:100EF0002068806811490840B04208D10020E062B3
:100F0000A06A20F0020040F00100A06211E0A06A97
:100F100020F0020040F01000A062E06A40F0010002
:100F2000E062012705E0FFE7A06A40F01000A06240
:100F3000012738466BE70000FDF7E1FFFE0E1FFFBB
:100F400010B586B0044600200290039004900590EE
:100F500014492068884222D100BF1348806940F4B8
:100F60000070114988610846806900F400700190A2
:100F700000BF00BF00BF0846806940F004008861E0
:100F80000846806900F00400019000BF00BF012006
:100F900002900320039002A9044800F00FFA06B063
:100FA00010BD000000240140001002400008014074
:100FB0000146002291F82100022808D0042088630D
:100FC00000BF002081F8200000BF012070470868A2
:100FD000006820F00E000B6818600868006820F0B8
:100FE00001000B68186091F8403001209840CB6BED
:100FF0005860012081F8210000BF002081F8200006
:1010000000BF1046E2E7000070B50446002594F8E2
:101010002100022803D00420A063012548E02068B5
:10102000006820F00E00216808602068006820F049
:101030000100216808601F492068884201D1012011
:1010400026E01C4914312068884201D110201FE09D
:10105000184928312068884201D1801518E01549C7
:101060003C312068884201D1801411E0114950318F
:101070002068884202D14FF4803009E00D49643184
:101080002068884202D14FF4801001E04FF0807058
:10109000084908394860012084F8210000BF002079
:1010A00084F8200000BF606B10B12046616B884758
:1010B000284670BD0800024070B50446E06B056824
:1010C0002068066894F840100420884028400028D2
:1010D00046D006F00400002842D02068006800F0E6
:1010E000200028B92068006820F00400216808600A
:1010F00057492068884201D1042027E0544914311F
:101100002068884201D1402020E0514928312068E0
:10111000884201D1001519E04D493C3120688842D0
:1011200002D14FF4804011E0494950312068884293
:1011300002D14FF4802009E045496431206888429B
:1011400002D14FF4800001E04FF08060404908393F
:101150004860E06A00287AD02046E16A884776E055
:1011600094F84010022088402840A0B306F0020006
:1011700088B32068006800F0200040B9206800684B
:1011800020F00A0021680860012084F8210030491D
:101190002068884201D1022028E02D4914312068BE
:1011A000884201D1202021E0294928312068884245
:1011B00001D140151AE026493C312068884202D10D
:1011C0004FF4005012E0224950312068884203D188
:1011D0004FF400300AE017E01D496431206888426E
:1011E00002D14FF4001001E04FF0007018490839A7
:1011F000486000BF002084F8200000BFA06A30B320
:101200002046A16A884722E094F8401008208840D0
:101210002840E0B106F00800C8B12068006820F05E
:101220000E002168086094F8401001208840E16BAE
:1012300048600120A06384F8210000BF002084F8EA
:10124000200000BF206B10B12046216B884770BD85
:10125000080002400146002209B901207047164BE0
:101260000868C01A1423B0FBF3F080000864124829
:101270000838C863022081F821000868026843F634
:10128000F0708243D1E901031843CB6818430B691E
:1012900018434B6918438B691843CB6918430243C1
:1012A0000868026000208863012081F82100002086
:1012B00081F8200000BFD1E7080002402DE9F0418D
:1012C00004460D4616461F464FF0000800BF94F82E
:1012D0002000012802D10220BDE8F081012084F81D
:1012E000200000BF94F8210001282CD1022084F8AE
:1012F00021000020A0632068006820F00100216820
:1013000008603B46324629462046FFF7A1FCE06ACA
:1013100030B12068006840F00E00216808600BE0E2
:101320002068006820F004002168086020680068D8
:1013300040F00A00216808602068006840F0010061
:101340002168086006E000BF002084F8200000BF8C
:101350004FF002084046BFE770B5044600F0CCF9F4
:1013600006462546681C10B104480078054400BFB5
:1013700000F0C2F9801BA842FAD370BD24000020FF
:10138000022803D10121054A117205E0B0F5005F82
:1013900002D10121014A1170704700002005002090
:1013A00010B5044604480068204020B1024804609B
:1013B0002046FFF7E5FF10BD140401402DE9F84772
:1013C0000346002294466EE14FF0010808FA02F449
:1013D000D1F8008008EA0400A0427DD1DFF8DCA249
:1013E000D1F80480A8EB0A09D0453AD014DCB8F152
:1013F000030F50D009DCB8F1000F31D0B8F1010F64
:101400001CD0B8F1020F49D120E0B8F1110F18D06B
:10141000B8F1120F42D11EE0B9F5881F25D006DCC5
:10142000B9F5803F20D0B9F5801F37D11AE0B9F562
:10143000001F18D0B9F5041F30D117E0D1F80CC047
:101440002DE0D1F80C8008F1040C28E0D1F80C80D4
:1014500008F1080C23E0D1F80C8008F10C0C1EE018
:1014600000BF00BF00BF00BF00BF00BFD1F80880B1
:10147000B8F1000F02D14FF0040C0BE0D1F8088056
:10148000B8F1010F03D14FF0080C1C6102E04FF0DE
:10149000080C5C6103E04FF0000C00E000BF00BFEF
:1014A000FF2801D8984601E003F104084646FF28CA
:1014B00002D84FEA820803E0A2F108084FEA880840
:1014C0004746D6F800804FF00F0909FA07F928EAD5
:1014D00009080CFA07F900E088E048EA0908C6F8AC
:1014E0000080D1F8048008F08058B8F1805F7DD189
:1014F00000BFDFF8CC81D8F8188048F00108DFF889
:10150000C091C9F81880C846D8F8188008F00108BA
:10151000CDF8008000BF00BF4FEAB9384FEA92090A
:1015200058F829504FEA82784FEA18794FF00F089F
:1015300008FA09F825EA0805DFF88881434502D151
:101540004FF0000816E0DFF88081434502D14FF0EC
:1015500001080FE0DFF87481434502D14FF0020823
:1015600008E0DFF86C81434502D14FF0030801E049
:101570004FF004084FEA82794FEA197908FA09F81E
:1015800048EA0505DFF84C814FEA920948F82950EE
:10159000D1F8048008F48018B8F5801F0AD1DFF86C
:1015A0003881D8F8008048EA0008DFF82C91C9F8A3
:1015B000008009E0DFF82081D8F8008028EA0008E0
:1015C000DFF81491C9F80080D1F8048008F40018FD
:1015D000B8F5001F10D1DFF8008108F10408D8F831
:1015E000008048EA0008DFF8F09000E05AE009F1D6
:1015F0000409C9F800800DE0DFF8DC8008F1040878
:10160000D8F8008028EA0008DFF8CC9009F1040936
:10161000C9F80080D1F8048008F40038B8F5003F1C
:101620000ED1DFF8B480A8F10408D8F8008048EAA9
:101630000008DFF8A490A9F10409C9F800800DE0C2
:10164000DFF89480A8F10408D8F8008028EA0008A0
:10165000DFF88490A9F10409C9F80080D1F804806A
:1016600008F48038B8F5803F0ED1DFF86C80A8F11F
:101670000808D8F8008048EA0008DFF85C90A9F173
:101680000809C9F800800DE0DFF84C80A8F10808CF
:10169000D8F8008028EA0008DFF83C90A9F1080992
:1016A000C9F80080521CD1F8008028FA02F8B8F17D
:1016B000000F7FF489AEBDE8F8870000000011102C
:1016C0000010024000080140000C014000100140E1
:1016D00000140140080001400804014002469368DC
:1016E0000B400BB1012000E0002070470AB10161FE
:1016F00001E00B0403617047014800687047000077
:101700001C00002070B504460CB9012070BD94F88F
:101710003D0028B9002084F83C00204600F044FA3F
:10172000242084F83D002068006820F00100216832
:1017300008602068006840F4004021680860206864
:10174000006820F400402168086000F0E3FC0546D2
:101750005C496068884206D85B48854201D2012016
:1017600007E0002005E05948854201D2012000E051
:101770000020012800D1C9E75548B5FBF0F62068E4
:10178000406820F03F003043216848604D49606860
:10179000884201D8701C07E04FF4967070434FF4F4
:1017A0007A71B0FBF1F0401C2168096A21F03F0119
:1017B00008432168086243496068884214D8681E5B
:1017C00061684900B0FBF1F0401CC0F30B00042835
:1017D00001D204203DE0681E61684900B0FBF1F0D1
:1017E000401CC0F30B0034E0A06838B9681E616883
:1017F00001EB4101B0FBF1F0401C0AE0681E61689A
:1018000001EBC10202EB0111B0FBF1F0401C40F40E
:101810008040C0F30B0008B901201AE0A06848B965
:10182000681E616801EB4101B0FBF1F0401CC0F3A0
:101830000B000CE0681E616801EBC10202EB0111B4
:10184000B0FBF1F0401CC0F30B0040F4804040F4CA
:1018500000402168C9694CF6FF7291430843216832
:10186000C861D4E9070108432168096821F0C00173
:10187000084321680860D4E9031008432168896897
:1018800048F2FF329143084321688860D4E905019A
:1018900008432168C96821F0FF0108432168C86036
:1018A0002068006840F00100216808600020206482
:1018B000202084F83D000020206384F83E0000BF13
:1018C00024E70000A086010080841E0000093D007E
:1018D00040420F002DE9F8430446894616461F464C
:1018E000DDF82080FFF708FF054694F83D0020282A
:1018F0007ED11923012251492046009502F001F8BA
:1019000010B10220BDE8F88300BF94F83C00012824
:1019100001D10220F6E7012084F83C0000BF2068D6
:10192000006800F0010028B92068006840F001005C
:10193000216808602068006820F400602168086061
:10194000212084F83D00102084F83E00002020640F
:1019500066626785608D20853948E0622B46424685
:101960004946204601F0CAFE08B10120CAE700BF7F
:1019700000200090206840690090206880690090F5
:1019800000BF00BF44E02A464146204602F095F8D9
:1019900050B1206C042805D12068006840F4007024
:1019A000216808600120ADE7606A0078216808615D
:1019B000606A401C6062608D401E6085208D401E04
:1019C000208520684069C0F3800070B1208D60B12F
:1019D000606A007821680861606A401C6062608DFE
:1019E000401E6085208D401E20852A46414600E02D
:1019F00022E0204601F052FF50B1206C042805D1AE
:101A00002068006840F4007021680860012079E7D0
:101A1000208D0028B7D12068006840F4007021684C
:101A20000860202084F83D00002084F83E0000BFBC
:101A300084F83C0000BF65E7022063E70200100065
:101A40000000FFFF2DE9FC5F04460F4690469946D3
:101A5000DDE90CAB0E9EFFF74FFE054694F83D0006
:101A600020287DD1192301224D492046009501F0FF
:101A700048FF10B10220BDE8FC9F00BF94F83C0075
:101A8000012801D10220F6E7012084F83C0000BFC4
:101A90002068006800F0010028B92068006840F064
:101AA0000100216808602068006820F40060216857
:101AB0000860212084F83D00402084F83E0000208A
:101AC0002064C4F824A0A4F82AB0608D208535488D
:101AD000E0624B46424639462046CDE9006501F0BA
:101AE0006DFE08B10120C6E731E02A4631462046A6
:101AF00001F0E3FF50B1206C042805D12068006894
:101B000040F40070216808600120B4E7606A007842
:101B100021680861606A401C6062208D401E20853B
:101B2000608D401E608520684069C0F3800070B100
:101B3000208D60B1606A007821680861606A401C8D
:101B40006062208D401E2085608D401E6085208D46
:101B50000028CAD12A463146204601F09FFE00E007
:101B60001CE050B1206C042805D12068006840F4C6
:101B700000702168086001207DE72068006840F45B
:101B8000007021680860202084F83D00002084F85F
:101B90003E0000BF84F83C0000BF6CE702206AE70B
:101BA000020010000000FFFF10B586B004460020C0
:101BB00002900390049005902B492068884225D11B
:101BC00000BF2A48806940F008002849886108461B
:101BD000806900F00800019000BF00BFC0200290A3
:101BE000122003900320059002A92148FFF7E6FB8D
:101BF00000BF1E48C06940F400101C49C861084677
:101C0000C06900F40010019000BF2AE01949206863
:101C1000884226D100BF1548806940F0080013496A
:101C200088610846806900F00800019000BF00BF8D
:101C30004FF440600290122003900320059002A907
:101C40000B48FFF7BBFB00BF0848C06940F48000A9
:101C50000649C8610846C06900F48000019000BFD1
:101C600000BF06B010BD000000540040001002404C
:101C7000000C0140005800400348006803490978FF
:101C800008440149086070471C000020240000201F
:101C900010B50848006840F01000064908600320AD
:101CA00000F0C0F80F2000F007F800F02BF800203B
:101CB00010BD00000020024070B504460E480078B8
:101CC0004FF47A71B1FBF0F00C490968B1FBF0F503
:101CD000284600F04BFD08B1012070BD102C07D242
:101CE00000222146501E00F05FF80548046001E024
:101CF0000120F2E70020F0E7240000202800002067
:101D00002000002008B500BF0D48806940F00100A8
:101D10000B4988610846806900F00100009000BF0F
:101D200000BF00BF0846C06940F08050C861084647
:101D3000C06900F08050009000BF00BF08BD0000E7
:101D40000010024010B501460846002817DB00F0DD
:101D50001F0301229A400B4B440943F8242000BF83
:101D600000BF00BFBFF34F8F00BF00BF00BF00BF69
:101D700000BF00BFBFF36F8F00BF00BF00BF00BF39
:101D800010BD000080E100E001460846002809DBA4
:101D900000F01F0301229A4043099B0003F1E02356
:101DA000C3F8002100BF70472DE9F05F80460D4663
:101DB0001646002702F09AFD074639462A46334662
:101DC00001F00700C0F1070ABAF1040F02D94FF081
:101DD000040A01E0C0F1070AD14600F1040ABAF191
:101DE000070F02D24FF0000A01E0A0F1030AD44627
:101DF0004FF0010A0AFA09FAAAF1010A0AEA020AEC
:101E00000AFA0CFA4FF0010B0BFA0CFBABF1010BC9
:101E10000BEA030B4AEA0B042146404602F06EFD32
:101E2000BDE8F09F00BF00F00702064B19684FF6AF
:101E3000FF031940044B0B4343EA0221014B196095
:101E400000BF70470CED00E00000FA05F8B504464D
:101E500000260025207800F0010000286BD0002724
:101E60004348C06900F0805070B900BF4048C06965
:101E700040F080503E49C8610846C06900F080507B
:101E8000009000BF00BF01273A48006800F480704E
:101E9000B0B93848006840F4807036490860FFF7F0
:101EA0002BFC064606E0FFF727FC801B642801D9BF
:101EB0000320F8BD2F48006800F480700028F2D09D
:101EC0002B48006A00F440752DB3A08800F44070E0
:101ED000A84220D02648006A20F4407501202649F7
:101EE0000860002008602248056205F0010090B1FA
:101EF000FFF702FC064608E0FFF7FEFB801B41F2FD
:101F00008831884201D90320D3E71948006A00F0DC
:101F100002000028F0D01648006A20F44070616882
:101F2000084313490862012F04D10846C06920F014
:101F30008050C86100BF207800F00200022807D15D
:101F40000B48406820F44040A168084308494860B5
:101F5000207800F01000102807D10548406820F4D0
:101F60008000E1680843024948600020A1E70000C2
:101F700000100240007000404004424270B5044628
:101F80000D460CB9012070BD5A48006800F00700EA
:101F9000A8420ED25748006820F007002843554950
:101FA00008600846006800F00700A84201D0012040
:101FB000E9E7207800F0020002281DD1207800F027
:101FC0000400042805D14C48406840F4E0604A49C8
:101FD0004860207800F00800082805D1464840688D
:101FE00040F46050444948604348406820F0F000A5
:101FF000A168084340494860207800F0010078B3A8
:102000006068012806D13C48006800F4003090B9AF
:102010000120B8E76068022806D13748006800F060
:10202000007040B90120AEE73348006800F00200BC
:1020300008B90120A7E73048406820F00300616834
:1020400008432D494860FFF757FB064609E0FFF7B4
:1020500053FB801B41F28831884202D9032092E76A
:1020600007E02548406800F00C006168B0EB810F84
:10207000EDD12048006800F00700A8420ED91D48A5
:10208000006820F0070028431A49086008460068E5
:1020900000F00700A84201D0012074E7207800F08A
:1020A0000400042807D11448406820F4E060E16887
:1020B000084311494860207800F00800082808D13A
:1020C0000D48406820F46050216940EAC1000A4987
:1020D000486000F03FF808494968C1F30311074A16
:1020E000515CC8400649086006480068FFF7E4FDF7
:1020F000002048E70020024000100240F26900087A
:1021000028000020200000200148006870470000DF
:102110002800002000B5FFF7F7FF04494968C1F324
:102120000221034A515CC84000BD0000001002407B
:10213000026A000800B5FFF7E7FF04494968C1F3E8
:10214000C221034A515CC84000BD0000001002409B
:10215000026A000870B5002100220024002300203C
:10216000134D696801F00C05F5B1042D02D0082D5E
:1021700019D101E00F4819E00F4DC1F38346AB5D63
:1021800001F4803555B10A4D6D68C5F340450B4EDD
:10219000725D084D5D43B5FBF2F402E0084D03FBB0
:1021A00005F4204602E000BF024800BF00BF70BD3A
:1021B0000010024000127A00E0690008F06900088F
:1021C00000093D00F8B504460CB90120F8BD20789F
:1021D00000F00100002878D0F848406800F00C00BA
:1021E00004280CD0F548406800F00C00082811D1F4
:1021F000F248406800F48030B0F5803F0AD1EF48E3
:10220000006800F4003000285FD0606800285CD1CE
:102210000120DBE700BF6068B0F5803F06D1E748EA
:10222000006840F48030E549086028E0606858B9EB
:10223000E248006820F48030E04908600846006801
:1022400020F4802008601AE06068B0F5A02F0BD160
:10225000DA48006840F48020D849086008460068E1
:1022600040F4803008600AE0D448006820F48030F0
:10227000D24908600846006820F48020086000BF4A
:10228000606888B1FFF738FA054606E0FFF734FAD0
:10229000401B642801D9032098E7C848006800F46F
:1022A00000300028F2D010E0FFF726FA054606E0DD
:1022B000FFF722FA401B642801D9032086E7BF48B4
:1022C000006800F400300028F2D1207800F002000D
:1022D000022857D1B948406800F00C0050B1B74807
:1022E000406800F00C00082818D1B448406800F499
:1022F000803098B9B148006800F0020020B1206930
:10230000012801D0012061E7AC48006820F0F80006
:10231000616940EAC100A949086033E02069E8B179
:102320000120A7490860FFF7E7F9054606E0FFF737
:10233000E3F9401B022801D9032047E79F480068C2
:1023400000F002000028F2D09C48006820F0F8005D
:10235000616940EAC1009949086013E0002098498A
:102360000860FFF7C9F9054606E0FFF7C5F9401B0D
:10237000022801D9032029E79048006800F00200F4
:102380000028F2D1207800F0080008282DD1A0699B
:10239000B8B101208B490860FFF7AEF9054606E0A9
:1023A000FFF7AAF9401B022801D903200EE7834852
:1023B000406A00F002000028F2D0012001F0EEFD9A
:1023C00013E000207F490860FFF796F9054606E014
:1023D000FFF792F9401B022801D90320F6E677485F
:1023E000406A00F002000028F2D1207800F00400DA
:1023F000042873D100277148C06900F0805070B97B
:1024000000BF6E48C06940F080506C49C861084602
:10241000C06900F08050009000BF00BF01276A48EB
:10242000006800F48070B0B96748006840F48070BC
:1024300065490860FFF760F9054606E0FFF75CF9BB
:10244000401B642801D90320C0E65F48006800F4FF
:1024500080700028F2D000BFE068012806D15748FC
:10246000006A40F001005549086227E0E06858B969
:102470005248006A20F00100504908620846006A8C
:1024800020F00400086219E0E06805280BD14B48F1
:10249000006A40F00400494908620846006A40F0BA
:1024A000010008620AE04548006A20F00100434943
:1024B00008620846006A20F00400086200BFE06875
:1024C000A0B1FFF719F9054609E0FFF715F9401B20
:1024D00041F28831884202D9032077E622E037486A
:1024E000006A00F002000028EFD012E0FFF704F9C4
:1024F000054608E0FFF700F9401B41F288318842A9
:1025000001D9032062E62D48006A00F0020000288D
:10251000F0D1012F05D12948C06920F0805027490A
:10252000C86100BFE069C8B32448406800F00C00EF
:10253000082860D0E069022848D1002020490866B8
:10254000FFF7DAF8054606E0FFF7D6F8401B022849
:1025500001D903203AE61948006800F0007000280D
:10256000F2D1206AB0F5803F07D11448406820F4CA
:102570000030A168084311494860D4E908010843C4
:102580000E49496821F4741108430C494860012040
:102590000B490866FFF7B0F8054607E03DE0FFF796
:1025A000ABF8401B022801D903200FE6034800685E
:1025B00000F000700028F2D02FE000000010024070
:1025C0000000424280044242007000400020144952
:1025D0000866FFF791F8054606E0FFF78DF8401B07
:1025E000022801D90320F1E50E48006800F00070D0
:1025F0000028F2D111E0E069012800D1E6E50948A0
:10260000466806F48031206A814204D106F47011D4
:10261000606A814201D00120D8E50020D6E50000A3
:10262000000042420010024010B504460CB90120DF
:1026300010BD606A38B96068B0F5827F00D105E0EE
:102640000021E16102E00021216161610021A162BC
:1026500094F8510028B9002084F85000204600F07A
:1026600043F8022084F851002068006820F0400000
:1026700021680860A08800F48270218901F4044177
:102680000843A18901F400610843217C01F00201A3
:102690000843217D01F001010843218B01F4007101
:1026A0000843217F01F0380108432021095D01F032
:1026B00080010843218D01F400510843216808601E
:1026C0000421A06901EA1040216848602068C069BF
:1026D00020F400602168C86100206065012084F852
:1026E00051000020A4E7000010B586B00446002089
:1026F00002900390049005901949206888422DD1DA
:1027000000BF1848806940F4805016498861084627
:10271000806900F48050019000BF00BF00BF0846F0
:10272000806940F0040088610846806900F0040078
:10273000019000BF00BFA020029002200390032060
:10274000059002A90848FEF739FE402002900020BB
:102750000390049002A90448FEF730FE06B010BDB5
:1027600000300140001002400008014070B50446EE
:102770002546681EB0F1807F01D301200FE0681E5E
:102780004FF0E02148610F214FF0FF3002F0B6F822
:1027900000204FF0E021886107200861002070BD13
:1027A0007047704710B50346002200BF93F83C0005
:1027B000012801D1022010BD012083F83C0000BF98
:1027C00022F0FF00CC6840EA040222F440708C68DA
:1027D00040EA040222F480604C6840EA040222F4D9
:1027E00000600C6840EA040222F480500C6940EA60
:1027F000040222F400504C6940EA040222F48040B2
:10280000CC6940EA04021868426400BF002083F8E3
:102810003C0000BF00BFCEE730B502460B4600BF0C
:1028200092F83C00012801D1022030BD012082F83D
:102830003C0000BF022082F83D0010684468106828
:10284000816824F070041868044310684460104DD7
:102850001068A8420BD01068B0F1804F07D00D4D22
:102860001068A84203D00C4D1068A84205D121F091
:1028700080015868014310688160012082F83D00A2
:1028800000BF002082F83C0000BF00BFCDE7000081
:10289000002C0140000400400008004010B5044630
:1028A0000CB9012010BD94F83D0028B9002084F82F
:1028B0003C00204600F026F8022084F83D00211D4F
:1028C000206801F0E1FB012084F8460000BF84F895
:1028D0003E0001213F200155402001554120015576
:1028E00000BF00BF012084F842004320015544206E
:1028F00001554520015500BF012084F83D0000200E
:10290000D0E7000038B5044628492068884216D12F
:1029100000BF2748806940F4006025498861084667
:10292000806900F40060009000BF00BF00221146E3
:102930001920FFF739FA1920FFF726FA34E020684A
:10294000B0F1804F16D100BF1948C06940F00100B6
:102950001749C8610846C06900F00100009000BF37
:1029600000BF002211461C20FFF71EFA1C20FFF7B3
:102970000BFA19E00F492068884215D100BF0C48B6
:10298000C06940F002000A49C8610846C06900F009
:102990000200009000BF00BF002211461D20FFF77B
:1029A00003FA1D20FFF7F0F938BD0000002C0140AC
:1029B0000010024000040040014691F83D0001284B
:1029C00001D001207047022081F83D000868C068EE
:1029D00040F001000B68D860124B086898420BD099
:1029E0000868B0F1804F07D00F4B0868984203D0B9
:1029F0000E4B086898420CD10868806800F0070206
:102A0000062A0CD00868006840F001000B681860C6
:102A100005E00868006840F001000B6818600020BD
:102A2000D0E70000002C01400004004000080040F6
:102A300001460868C06820F001000A68D06000BF45
:102A40000868006A41F21112104050B90868006A23
:102A50009210104028B90868006820F001000A6848
:102A6000106000BF012081F83D00002070472DE973
:102A7000F04104460D46002700BF94F83C000128B1
:102A800002D10220BDE8F081012084F83C0000BFA3
:102A9000022084F83D002068866826F0770626F438
:102AA0007F46206886602868502833D00CDC2028B8
:102AB00050D004DC00284BD0102851D149E03028F8
:102AC00049D040284CD139E060282DD0702807D05B
:102AD000B0F5805F03D0B0F5005F41D10DE041E07B
:102AE000D5E902136A68206801F021FB2068866836
:102AF00046F077062068866034E0D5E902136A68FC
:102B0000206801F014FB2068806840F48040216850
:102B1000886027E0EA686968206801F0D9FB5021E5
:102B2000206801F00FFB1DE0EA686968206801F089
:102B3000E2FB6021206801F005FB13E0EA686968A8
:102B4000206801F0C5FB4021206801F0FBFA09E094
:102B500000BF00BF00BF2968206801F0F3FA01E060
:102B6000012700BF00BF012084F83D0000BF002006
:102B700084F83C0000BF384684E7704770B50446CF
:102B80002068C5682068066906F00200022819D18D
:102B900005F00200022815D1401F216808610120BC
:102BA00020772068806900F0030018B12046FFF705
:102BB000E4FF05E0204600F0C3F8204600F08EF95F
:102BC0000020207706F00400042819D105F0040045
:102BD000042815D1C04321680861022020772068AD
:102BE000806900F4407018B12046FFF7C6FF05E089
:102BF000204600F0A5F8204600F070F9002020776C
:102C000006F00800082819D105F00800082815D199
:102C1000C04321680861042020772068C06900F063
:102C2000030018B12046FFF7A8FF05E0204600F09A
:102C300087F8204600F052F90020207706F01000B7
:102C4000102819D105F01000102815D1C0432168B3
:102C50000861082020772068C06900F4407018B12E
:102C60002046FFF78AFF05E0204600F069F820467D
:102C700000F034F90020207706F0010048B105F09B
:102C8000010030B16FF0010021680861204600F0BA
:102C9000DFF906F08000802809D105F08000802847
:102CA00005D1C043216808612046FFF779FD06F091
:102CB0004000402809D105F04000402805D1C0431C
:102CC00021680861204600F0E7F906F0200020287E
:102CD00009D105F02000202805D1C04321680861F2
:102CE0002046FFF75EFD70BD10B586B0044600209B
:102CF00002900390049005900E492068884216D1F6
:102D000000BF0D48806940F004000B498861084607
:102D1000806900F00400019000BF00BF8815029098
:102D200002200390059002A90448FEF747FB06B075
:102D300010BD0000002C01400010024000080140BE
:102D400070472DE9F04104460D461646002700BFA6
:102D500094F83C00012802D10220BDE8F081012056
:102D600084F83C0000BF36B1042E1BD0082E31D0B1
:102D70000C2E5ED145E02946206801F0EDF920686F
:102D8000806940F00800216888612068806920F02F
:102D900004002168886120688069296908432168E6
:102DA000886148E02946206801F006FA20688069B9
:102DB00040F40060216888612068806920F48060A8
:102DC0002168886120688069296940EA01202168BA
:102DD000886130E02946206801F022FA2068C06945
:102DE00040F008002168C8612068C06920F0040034
:102DF0002168C8612068C069296908432168C861E1
:102E000019E02946206801F03FFA2068C06940F4C3
:102E100000602168C8612068C06920F48060216872
:102E2000C8612068C069296940EA01202168C86139
:102E300001E0012700BF00BF00BF002084F83C0074
:102E400000BF384689E710B504460CB9012010BD13
:102E500094F83D0028B9002084F83C00204600F09A
:102E600025F8022084F83D00211D206801F00CF9AE
:102E7000012084F8460000BF84F83E0001213F2075
:102E80000155402001554120015500BF00BF0120E0
:102E900084F8420043200155442001554520015546
:102EA00000BF012084F83D000020D0E708B5094AA2
:102EB000016891420DD100BF0749896941F4006161
:102EC000054A91611146896901F40061009100BFD2
:102ED00000BF08BD002C01400010024070470000F8
:102EE00070B504460D4615B994F83E000BE0042D6C
:102EF00002D13F20005D06E0082D02D14020005D98
:102F000001E04120005D012801D0012070BD1DB904
:102F1000022084F83E000EE0042D03D102213F2060
:102F2000015508E0082D03D102214020015502E09F
:102F300002214120015501222946206801F0E6F8CE
:102F400019492068884201D1012000E0002028B101
:102F50002068406C40F400402168486412492068B1
:102F600088420BD02068B0F1804F07D00F4920680D
:102F7000884203D00E49206888420CD120688068BE
:102F800000F00706062E0CD02068006840F0010013
:102F90002168086005E02068006840F001002168B1
:102FA00008600020B2E70000002C0140000400404F
:102FB0000008004030B504460D460022294620682E
:102FC00001F0A4F821492068884201D1012000E0E5
:102FD000002090B100BF2068006A41F21111084042
:102FE00050B92068006A8910084028B92068406CF0
:102FF00020F400402168486400BF00BF2068006AD8
:1030000041F21111084050B92068006A8910084047
:1030100028B92068006820F001002168086000BF1E
:103020001DB9012084F83E000EE0042D03D10121DA
:103030003F20015508E0082D03D101214020015512
:1030400002E0012141200155002030BD002C01404B
:103050000D4A01681268914203D101210B4A117097
:1030600010E00B4A01681268914203D10121074A1E
:10307000517007E0074A01681268914202D10121AC
:10308000024A917070470000F0010020F004002017
:1030900038020020800200207047F8B504460D4633
:1030A000164694F8420020282DD105B10EB9012012
:1030B000F8BD012020630020606332462946204687
:1030C00001F020FB0746206B012819D100BF00202A
:1030D000009020680068009020684068009000BF61
:1030E00000BF00BF00BF21680C3151E8001F41F054
:1030F000100021680C3141E80002002AF3D100E001
:1031000001273846D4E70220D2E70000054A904262
:1031100006D1054AA2F802110522034BC3F8042187
:103120007047000058030020A003002010B504469B
:10313000002060640448844204D14FF48072034943
:10314000FFF7ABFF10BD000058030020A2030020D2
:103150002DE9F84F0446206805682068C668206895
:1031600047694FF00009CA4605F00F09B9F1000F91
:103170000AD105F0200038B106F0200020B1204629
:1031800001F0C4F9BDE8F88FB9F1000F7BD007F06A
:10319000010018B906F49070002874D005F0010001
:1031A00030B106F4807018B1606C40F001006064CA
:1031B00005F0040030B107F0010018B1606C40F078
:1031C0000200606405F0020030B107F0010018B1A0
:1031D000606C40F00400606405F0080048B106F03F
:1031E000200010B907F0010018B1606C40F0080031
:1031F0006064606C002845D005F0200028B106F01E
:10320000200010B1204601F081F920684069C0F328
:10321000801A606C00F0080010B9BAF1000F2CD0D1
:10322000204601F01AF92068406900F0400000B320
:1032300000BF00BF2168143151E8001F21F0400099
:103240002168143141E80002002AF3D100BFE06B8D
:1032500050B17748E16B4863E06BFDF7D5FE88B16C
:10326000E06B416B88470DE02046FFF75FFF09E008
:1032700009E02046FFF75AFF04E02046FFF756FF1B
:10328000002060647EE7206B012877D105F01000F4
:10329000002873D006F010000028FAD000BF0020EC
:1032A000009020680068009020684068009000BF8F
:1032B00000BF2068406900F0400000285FD0E06B4C
:1032C000006840681FFA80F8B8F1000F55D0A08D53
:1032D000404552DDA4F82E80E06B8069202843D061
:1032E00000BF00BF21680C3151E8001F21F480703D
:1032F00021680C3141E80002002AF3D100BF00BF71
:1033000000BF2168143151E8001F21F0010021683D
:10331000143141E80002002AF3D100BF00BF00BF12
:103320002168143151E8001F21F040002168143158
:1033300041E80002002AF3D100BF202084F84200B7
:103340000020206300BF00BF21680C3151E8001F3E
:1033500021F0100021680C3141E80002002AF3D16D
:1033600000BFE06BFDF724FE02206063A08DE28DBC
:10337000801A81B22046FFF7C9FE03E742E0A08D24
:10338000E18D401A1FFA80F8E08DD0B3B8F1000F3C
:1033900037D000BF00BF21680C3151E8001F21F475
:1033A000907021680C3141E80002002AF3D100BF7F
:1033B00000BF00BF2168143151E8001F21F0010057
:1033C0002168143141E80002002AF3D100BF202017
:1033D00084F842000020206300BF00BF21680C3148
:1033E00051E8001F21F0100021680C3141E8000273
:1033F000002AF3D100BF0220606341462046FFF758
:1034000085FEBFE605F0800030B106F0800018B1FF
:10341000204601F0DBF9B5E605F0400030B106F0DA
:10342000400018B1204601F04EF8ABE600BFA9E617
:103430001F43000810B504460CB9012010BDA06957
:1034400000B100E000BF94F8410028B9002084F8E2
:103450004000204600F02AF8242084F8410020682B
:10346000C06820F400502168C860204601F0CCF804
:103470002068006920F49040216808612068406954
:1034800020F02A00216848612068C06840F400509C
:103490002168C86000206064202084F8410084F81E
:1034A00042000020606300BFC8E7000010B586B08E
:1034B0000446002002900390049005901A49206869
:1034C00088422ED100BF1948806940F480401749D6
:1034D00088610846806900F48040019000BF00BF09
:1034E00000BF0846806940F0040088610846806992
:1034F00000F00400019000BF00BF481502900220B8
:1035000003900320059002A90948FDF757FF4FF4E7
:103510008060029000200390049002A90448FDF707
:103520004DFF06B010BD0000003801400010024001
:10353000000801402DE9F84F04460E46174699460B
:103540004FF0000A94F84200202852D106B117B972
:103550000120BDE8F88F00206064222084F842003A
:1035600000202063FEF7C8F88246A785E785A0689B
:10357000B0F5805F04D1206910B90025B04602E0A3
:1035800035464FF000082CE053460022202120460B
:10359000CDF8009001F04AF920B1202084F84200D3
:1035A0000320D6E745B920684068C0F30800A8F8B2
:1035B000000008F1020811E0A068B0F5805F03D0B8
:1035C000A06828B9206918B920684068287004E00C
:1035D0002068406800F07F0028706D1CE08D401E60
:1035E000E085E08D0028CFD1202084F84200002023
:1035F000AFE70220ADE7704770472DE9F84F04466A
:103600000E46174699464FF0000A94F841002028CC
:1036100050D106B117B90120BDE8F88F00206064D1
:10362000212084F84100FEF767F88246A784E784EA
:10363000A068B0F5805F04D1206910B90025B046BC
:1036400002E035464FF000081EE05346002280217C
:103650002046CDF8009001F0E9F820B1202084F850
:1036600041000320D8E745B9B8F80000C0F30800CE
:103670002168486008F1020803E028782168486062
:103680006D1CE08C401EE084E08C0028DDD15346A8
:10369000002240212046CDF8009001F0C7F820B16B
:1036A000202084F841000320B6E7202084F8410060
:1036B0000020B1E70220AFE7704700BFFEE70146F8
:1036C00008684069C0F38020B0B16FF480600A6878
:1036D000506100200863202081F83D00002081F81F
:1036E0003E00086C40F00400086400BF002081F830
:1036F0003C0000BF012070470020FCE72DE9F843A3
:1037000004460D4617469846E66A082E04D0012E58
:1037100002D016F5803F06D12068006840F4807022
:103720002168086008E0206B122805D12068006835
:1037300040F48070216808603B4600224FF0011180
:103740002046CDF8008000F0DCF860B12068006809
:1037500000F48070B0F5807F02D14FF400702064D7
:103760000320BDE8F8832069B0F5804F04D105F04F
:10377000FE002168086112E005F44070F02141EA82
:10378000E0102168086143463A460B49204600F0A4
:1037900017F908B10120E4E7E8B22168086143465F
:1037A0003A460549891F204600F00AF908B1012070
:1037B000D7E70020D5E70000080001002DE9F84315
:1037C0000446884615469946DDE908672068006882
:1037D00040F4807021680860334600224FF00111E8
:1037E0002046009700F08DF860B12068006800F472
:1037F0008070B0F5807F02D14FF400702064032008
:10380000BDE8F88308F0FE00216808613B463246B7
:103810002149204600F0D4F808B10120F0E700BFAC
:103820000020009020684069009020688069009026
:1038300000BF00BF3A463146204600F03EF950B185
:10384000206C042805D12068006840F400702168CD
:1038500008600120D4E7B9F1010F03D1E8B2216873
:10386000086117E0C5F30720216808613A46314630
:10387000204600F022F950B1206C042805D12068C0
:10388000006840F40070216808600120B8E7E8B2E1
:10389000216808610020B3E70200010070B504460A
:1038A0000D46164625E02046FFF709FF08B1012026
:1038B00070BD681CE8B1FDF71FFF801BA84200D84F
:1038C000BDB920684069C0F3800090B90020206332
:1038D000202084F83D00002084F83E00206C40F059
:1038E0002000206400BF002084F83C0000BF0120BD
:1038F000DEE720684069C0F380000028D3D00020B4
:10390000D6E72DE9F04104460D4617461E46DDF880
:10391000188038E0701CA8B3FDF7EEFEA0EB08009D
:10392000B04200D876BBC5F3074001280AD1206811
:103930004069A9B20840A9B2884201D101200BE038
:10394000002009E020688069A9B20840A9B2884235
:1039500001D1012000E00020B84214D100202063F2
:10396000202084F83D00002084F83E00206C40F0C8
:103970002000206400BF002084F83C0000BF01202C
:10398000BDE8F081FFE7C5F3074001280AD12068B0
:103990004069A9B20840A9B2884201D101200BE0D8
:1039A000002009E020688069A9B20840A9B28842D5
:1039B00001D1012000E00020B842ABD00020DFE7B9
:1039C0002DE9F04104460D4616461F4658E0206892
:1039D0004069C0F38020E8B12068006840F40070BE
:1039E000216808606FF480602168486100202063CE
:1039F000202084F83D00002084F83E00206C40F038
:103A00000400206400BF002084F83C0000BF0120B7
:103A1000BDE8F081701C90B3FDF76EFEC01BB04294
:103A200000D866BBC5F3074001280AD12068406969
:103A3000A9B20840A9B2884201D101200BE00020C0
:103A400009E020688069A9B20840A9B2884201D182
:103A5000012000E0002090B900202063202084F89D
:103A60003D00002084F83E00206C40F020002064DF
:103A700000BF002084F83C0000BF0120C8E7FFE73A
:103A8000C5F3074001280AD120684069A9B208405F
:103A9000A9B2884201D101200BE0002009E0206892
:103AA0008069A9B20840A9B2884201D1012000E092
:103AB000002000288BD00020AAE770B504460D46F0
:103AC000164625E02046FFF7FAFD08B1012070BD3B
:103AD000681CE8B1FDF710FE801BA84200D8BDB9F4
:103AE00020684069C0F3C01090B9002020632020F6
:103AF00084F83D00002084F83E00206C40F0200057
:103B0000206400BF002084F83C0000BF0120DEE7F5
:103B100020684069C0F3C0100028D3D00020D6E749
:103B20000EB50020009001900290134813490860E0
:103B300000211248816001210173002101754FF4B9
:103B40006021C16100200D49486001210B480161DD
:103B5000FDF754F908B1FDF79DF800200090012011
:103B600001900320029069460448FDF797F808B1D8
:103B7000FDF790F80EBD000000240140C0000020B9
:103B800008B500BF1348806940F0200011498861E2
:103B90000846806900F02000009000BF00BF00BF11
:103BA0000846806940F0040088610846806900F09A
:103BB0000400009000BF00BF00BF0846806940F0CD
:103BC000080088610846806900F00800009000BF86
:103BD00000BF08BD0010024010B504460A480B495A
:103BE00008600846446000218160C1604FF4804154
:103BF0000161002141618161C1610162FDF782FDC6
:103C000008B1FDF747F810BD00540040F000002057
:103C100010B504460A480B49086008464460002174
:103C20008160C1604FF48041016100214161816187
:103C3000C1610162FDF766FD08B1FDF72BF810BD0B
:103C4000005800404401002008B500BF1B488069AF
:103C500040F01000194988610846806900F01000A2
:103C6000009000BF00BF00BF0846806940F004001C
:103C700088610846806900F00400009000BF00BF22
:103C800000BF0846806940F00800886108468069E6
:103C900000F00800009000BF00BF022201210720B1
:103CA000FEF782F80720FEF74DF8022201212820B6
:103CB000FEF77AF82820FEF745F808BD001002400C
:103CC00010B504461348144908604FF482704860E8
:103CD000002111488160C160032C04D102210161DF
:103CE0000121416103E000210B48016141614FF472
:103CF0000071094881611021C161002101624162A6
:103D000081620A21C162FEF78FFC08B1FCF7C2FF95
:103D100010BD0000003001409801002000B591B0B6
:103D200000200F9010901C2108A8FCF714FA202105
:103D30006846FCF710FA24482449086040F2CF2076
:103D4000486000212148816040F2E731C1600021D4
:103D5000016141618161FFF776F808B1FCF79AFFD4
:103D600000200F9010900FA91848FEF755FD08B1DC
:103D7000FCF790FF60200890C820099000200A906E
:103D80000B900C900D900E90002208A90F48FEF7A2
:103D9000D8FF08B1FCF77EFF002000900190029050
:103DA000039004904FF4005005900020079069465E
:103DB0000648FEF7F7FC08B1FCF76CFF0348FEF776
:103DC00093FF11B000BD0000002C0140F001002065
:103DD00010B586B004460020029003900490059030
:103DE000009001904FF08040194908601948006820
:103DF00042F21071B0FBF1F0401E154948600021FD
:103E00001348816004EB84004000401E1049C860E4
:103E100000210F48016180218161FEF73FFD08B15B
:103E2000FCF738FF4FF48050029002A90848FEF7D3
:103E30001EFE08B1FCF72EFF00200090019069469D
:103E40000348FEF7E9FC08B1FCF724FF06B010BDFB
:103E5000380200202800002010B586B0044600205B
:103E60000290039004900590009001901A481B491D
:103E700008601B48006842F21071B0FBF1F0401E70
:103E80001649486000211548816004EB8400400019
:103E9000401E1249C86000211048016180218161E3
:103EA000FEF7FCFC08B1FCF7F5FE4FF480500290E1
:103EB00002A90A48FEF7DBFD08B1FCF7EBFE002083
:103EC0000090019069460548FEF7A6FC08B1FCF792
:103ED000E1FE06B010BD000000040040800200209A
:103EE0002800002008B500BF2448406940F00100C8
:103EF000224948610846406900F00100009000BF77
:103F000000BF1F481F4908600020486000211D486D
:103F100081608021C16000210161416181614FF4B4
:103F20000051C161FDF796F908B1FCF7B3FE00BF7F
:103F300014481549C86308461249486200BF002268
:103F400001210B20FDF730FF0B20FDF71DFF0F486F
:103F50000D4908604FF4E130486000210A48816053
:103F6000C16001610C21416100218161C161FFF7E4
:103F700061FA08B1FCF78EFE08BD00000010024097
:103F800008000240AC040020580300200038014023
:103F900000BFFEE700BFFEE77047000008B5084914
:103FA0000968C9084FF47A72B1FBF2F141430091FC
:103FB00000BF00BF00994A1E00920029F9D108BD38
:103FC00028000020704710B5FDF756FE10BD00B563
:103FD00093B0282109A8FCF7BEF8142104A8FCF727
:103FE000BAF80020009001900290039001200990FF
:103FF00000040A9000200B9001200D9002201090E8
:10400000C10311914FF4E011129109A8FEF7DAF8FB
:1040100008B1FCF73FFE0F2004900220059000201D
:1040200006904FF48060079000200890022104A8B9
:10403000FDF7A4FF08B1FCF72DFE022000904FF41D
:10404000404002906846FDF701FF08B1FCF722FEF0
:1040500013B000BD7047000010B50248FEF78EFD9A
:1040600010BD0000F001002010B50248FEF786FDEB
:1040700010BD00003802002010B50248FEF77EFD9A
:1040800010BD00008002002010B502681C4B984251
:1040900008D0B0F1804F05D01A4B984202D01A4B8D
:1040A000984203D122F070024B681A43144B984295
:1040B00008D0B0F1804F05D0124B984202D0124B7D
:1040C000984203D122F44072CB681A4322F0800355
:1040D0004C6943EA040202608B68C3620B68836226
:1040E000074B984201D10B690363012343610369C4
:1040F00003F001031BB1036923F00103036110BD49
:10410000002C0140000400400008004030B501F0E0
:104110001F05012404FA05F3046A9C430462046A3F
:1041200001F01F0502FA05F52C43046230BD30B5DD
:104130000C46816821F47F4142EA03252543294347
:10414000816030BD0A46816821F0700142F00703AA
:10415000194381607047000030B5026A056A25F096
:10416000010505624368846924F0700424F00304A7
:104170000D682C4322F002028D682A430D4DA8429F
:1041800006D100BF22F00802CD682A4322F00402C3
:10419000084DA84207D123F4807323F400734D69BE
:1041A0002B438D692B43436084614D6845630262F4
:1041B00030BD0000002C014030B5026A056A25F0D0
:1041C000100505624368846924F4E04424F44074D3
:1041D0000D6844EA052422F020028D6842EA0512A7
:1041E0000E4DA84207D100BF22F08002CD6842EAFE
:1041F000051222F04002094DA84209D123F4806340
:1042000023F400634D6943EA85038D6943EA85031E
:10421000436084614D688563026230BD002C0140BB
:1042200030B5026A056A25F4807505624368C46981
:1042300024F0700424F003040D682C4322F400726F
:104240008D6842EA05220F4DA84207D100BF22F433
:104250000062CD6842EA052222F48062094DA8423C
:1042600009D123F4805323F400534D6943EA051325
:104270008D6943EA05134360C4614D68C5630262FA
:1042800030BD0000002C014030B5036A056A25F4FA
:10429000805505624468C26922F4E04222F440720B
:1042A0000D6842EA052223F400538D6843EA053382
:1042B000064DA84204D124F480444D6944EA851493
:1042C0004460C2614D680564036230BD002C01404A
:1042D00030B50B461446026A056A25F001050562F1
:1042E000816921F0F00141EA041122F00A021A4327
:1042F0008161026230BD30B50B461446026A056A20
:1043000025F010050562816921F4704141EA04310C
:1043100022F0A00242EA03128161026230BD70B550
:1043200005466C6A0020E085E0842046FEF7FEFE2C
:1043300070BD70B506460025746A20684069C0F3F8
:10434000C01594F84100212805D125B10020E08452
:10435000204600F0C8F820684069C0F3801594F842
:104360004200222805D125B10020E085204600F03A
:1043700074F8606C40F0100060642046FEF7D6FED2
:1043800070BD70B505466C6A2868006800F02000B2
:10439000002842D1E08500BF00BF21680C3151E800
:1043A000001F21F4807021680C3141E80002002ACE
:1043B000F3D100BF00BF00BF2168143151E8001FD6
:1043C00021F001002168143141E80002002AF3D1F4
:1043D00000BF00BF00BF2168143151E8001F21F069
:1043E00040002168143141E80002002AF3D100BFE7
:1043F000202084F84200206B01280ED100BF00BFAE
:1044000021680C3151E8001F21F0100021680C31A7
:1044100041E80002002AF3D100BF00206063206B56
:10442000012804D1A18D2046FEF770FE02E020464F
:10443000FFF7E1F870BD70B505466C6A0120606356
:10444000206B012805D1A08D41082046FEF75EFEB5
:1044500002E02046FFF7D0F870BD00BF00BF026841
:104460000C3252E8002F22F4907102680C3242E8BC
:104470000013002BF3D100BF00BF00BF026814324D
:1044800052E8002F22F001010268143242E80013C2
:10449000002BF3D100BF016B01290ED100BF00BF7B
:1044A00002680C3252E8002F22F0100102680C3230
:1044B00042E80013002BF3D100BF202180F8421006
:1044C00000210163704710B504462068C06820F0E1
:1044D00040002168C860202084F841002046FFF792
:1044E000EBF8002010BD00BF00BF02680C3252E89C
:1044F000002F22F0C00102680C3242E80013002BAA
:10450000F3D100BF202180F841107047F8B5044670
:1045100094F84200222875D1A068B0F5805F0CD1D4
:10452000206950B90025A66A20684068C0F30800D9
:104530003080A06A801CA06215E0A56A0026A068F1
:10454000B0F5805F03D0A06828B9206918B9206849
:104550004068287004E02068406800F07F00287000
:10456000A06A401CA062E08D401E80B2E085002859
:1045700046D12068C06820F020002168C86020680B
:10458000C06820F480702168C8602068406920F00D
:10459000010021684861202084F842000020606307
:1045A000206B012826D10020206300BF00BF2168B6
:1045B0000C3151E8001F21F0100021680C3141E856
:1045C0000002002AF3D100BF2068006800F010004C
:1045D00010280AD100BF00200090206800680090D9
:1045E00020684068009000BF00BFA18D2046FEF704
:1045F0008DFD02E02046FEF7FEFF0020F8BD01E041
:104600000020FBE70220F9E770B50446216809693C
:1046100021F44051E2681143226811612269A168C6
:104620001143626941EA02052168C96841F20C62DE
:10463000914329432268D1602168496921F440717E
:10464000A2691143226851612D4A2168914202D129
:10465000FDF770FD01E0FDF75DFD00EBC00101EB32
:10466000001162689200B1FBF2F100EBC00202EBB4
:10467000001263689B00B2FBF3F26423B2FBF3F217
:1046800002EBC20303EB0212A1EB8201322202EB26
:1046900001116422B1FBF2F101F0F00100EBC00264
:1046A00002EB001263689B00B2FBF3F26423B2FBDF
:1046B000F3F201EB021200EBC00101EB00116368A1
:1046C0009B00B1FBF3F100EBC00303EB0013666842
:1046D000B600B3FBF6F36426B3FBF6F303EBC306B5
:1046E00006EB0313A1EB8301322303EB01116423D7
:1046F000B1FBF3F101F00F0111442268916070BD2C
:104700000038014077B581B0044615460298A06292
:10471000A58500206064222084F842002848E16BCF
:1047200088622848E16BC8622748E16B0863002073
:10473000E16B486302AE32682368191D2B46E06BBB
:10474000FCF7BCFD00BF00200090206800680090CE
:1047500020684068009000BF00BF206970B100BFB2
:1047600000BF21680C3151E8001F41F480702168BE
:104770000C3141E80002002AF3D100BF00BF00BFA6
:104780002168143151E8001F41F001002168143103
:1047900041E80002002AF3D100BF00BF00BF21683A
:1047A000143151E8001F41F040002168143141E804
:1047B0000002002AF3D100BF002004B070BD000049
:1047C000834300083744000833430008014691F84A
:1047D0004100212828D18868B0F5805F0BD1086995
:1047E00048B90A6A1088C0F308000B685860086A64
:1047F000801C086205E00B6A581C086218780B6878
:104800005860C88C401E80B2C88458B90868C06817
:1048100020F080000B68D8600868C06840F0400055
:104820000B68D860002070470220FCE72DE9F843B0
:1048300004460D4617469846089E31E0701C70B33A
:10484000FCF75AFFA0EB0800B04200D816B90320CD
:10485000BDE8F8832068C06800F00400F8B1802D3E
:104860001ED0402D1CD020680068C0F3C000B0B13D
:1048700000BF002000902068006800902068406819
:10488000009000BF00BF2046FFF7E7FD08206064EE
:1048900000BF002084F8400000BF0120D8E7FFE7F8
:1048A000206800682840A84201D1012000E00020D3
:1048B000B842C3D00020CBE710B50248FEF748FC51
:1048C00010BD00005803002000BFFEE70FB4054BE9
:1048D00010B503A9044A029800F0F6F810BC5DF880
:1048E00014FB0000015C0008B800002002480068CA
:1048F000C0F30220704700000CED00E010B5002866
:1049000004DB0A07130E054A135406E00A07140EC7
:10491000034A00F00F031B1FD45410BD00E400E055
:1049200018ED00E002E008C8121F08C1002AFAD101
:1049300070477047002001E001C1121F002AFBD11F
:10494000704700002DE9FF5F82B00021DDE90430EF
:10495000020DDDF840B0034318D044F61050A2F227
:10496000FF3242431514119801281FD0A5EB0B000C
:10497000401C5FEA000A4FF000064E4FDFF8389106
:10498000B046504615D5CAF1000413E01198012431
:104990004AA3012801D16FEA0B010298119AC0E9DC
:1049A0000031C0E9024206B0BDE8F09FCBF1000043
:1049B000DFE704460021404A491842EB0450CDE9A4
:1049C000001012E0E00707D032463B464046494619
:1049D000FBF789FD8046894632463B46104619461C
:1049E000FBF781FD06460F466410002CEAD1DDE995
:1049F0000401DDE90023BAF1000F06DAFBF773FDCD
:104A000042464B46FBF76FFD05E0FBF7DEFD4246F5
:104A10004B46FBF7DAFD04460E460022284BFBF717
:104A20005BFE03D84FF0FF30014607E00022254B24
:104A300020463146FBF7B0FCFBF736FE102409E0B8
:104A4000002C0ADB0A220023FBF75CFC039B3032BC
:104A50001A55641E50EA0102F2D1641C039AC4F193
:104A600011031444119A012A03D0012208430DD1E5
:104A70000AE0084304D000204FF0110B119072E7B8
:104A8000A3EB0B056D1E0DE05B4504DD4FF000024E
:104A900005F1010504E003DA4FF00002A5F101057C
:104AA000002AECD002981199C0E90231C0E9004512
:104AB00079E70000000014400000F03F30000000E3
:104AC0000000F0430000E03F2DE9FF4F95B09A460B
:104AD000884606460025EEE1252877D100242746A2
:104AE000F94A0121039400E0044316F8013F203BFA
:104AF00001FA03F01042F7D130782A2811D06FF074
:104B00002F033078A0F13002092A16D8039A44F016
:104B1000020402EB820203EB42021044761C039073
:104B2000EFE758F8042B0392002A03DA504244F4CA
:104B30000054039044F00204761C30782E2816D1DD
:104B400016F8010F44F004042A280DD06FF02F024C
:104B50003078A0F13003092B09D807EB870302EB6B
:104B60004303C718761CF3E758F8047B761C3078AB
:104B70006C280FD006DC4C2817D068280DD06A2886
:104B800014D104E0742810D07A280FD10DE044F439
:104B900000140AE044F4801401E044F440147278F4
:104BA000824202D104F58014761C761C3078662887
:104BB0000BD013DC582877D009DC002875D04528A5
:104BC000F6D04628F4D047281AD193E118E063289C
:104BD00035D0642879D0652812D18BE1702873D044
:104BE00008DC6728F1D069286FD06E280DD06F28B7
:104BF00006D1ACE073282CD0752874D0782853D017
:104C00005246179990476D1C54E1C4F30250022894
:104C100009D003280DD0D8F8001004280DD00D605D
:104C200008F1040846E1D8F80010EA17C1E900527B
:104C3000F6E7D8F800100D80F2E70D70F0E718F8ED
:104C4000041B8DF8001000208DF80100EB460120B8
:104C500003E058F804BB4FF0FF3061074FF000014C
:104C600002D40DE009F101018946B9420FDA81450C
:104C7000F8DB1BF809100029F4D108E009F1010163
:104C800089468142FADB1BF809100029F6D1039806
:104C90005346A0EB090721463846179A00F080FAE0
:104CA000284400EB090507E044E008E10DE01BF8AB
:104CB000010B524617999047B9F10109F7D25346B3
:104CC00021463846179AF2E039E00A21C4F302522D
:104CD0004FF0000B0091022A06D058F8040BC117C0
:104CE000032A09D00AE023E008F1070020F00702B8
:104CF000F2E80201904605E000B2C117042A01D192
:104D000040B2C117002906DA0A460021404261EB91
:104D100002012D2202E0220504D52B228DF8042069
:104D2000012203E0E20701D02022F7E7914657E095
:104D30000A2100E010214FF0000B00910BE0102140
:104D40004FF0000B44F004040827009103E0082012
:104D50004FF0000B0090C4F30252022A05D058F81D
:104D6000040B0021032A08D008E008F1070020F016
:104D70000702F2E80201904603E080B2042A00D163
:104D8000C0B24FF0000922072AD53278702A07D026
:104D9000DDF800C08CF0100C5CEA0B0C05D00EE0C6
:104DA00040228DF80420012208E050EA010306D0D9
:104DB00030238DF804308DF8052002229146009BA7
:104DC00083F0080353EA0B030AD150EA010201D130
:104DD000620705D530228DF804204FF001097F1EAF
:104DE0003278582A04D039A20C920CAA02920BE015
:104DF0003BA2F9E75B46009AFBF784FA0C9B9B5CAD
:104E0000029A521E0292137050EA0102F2D10298E5
:104E100004A9081A00F1200B600702D524F480349D
:104E200000E001275F4502DDA7EB0B0000E000205A
:104E300000EB0B01009003984944401A0390E003F3
:104E400006D453462146179A039800F0A9F9054461
:104E5000002706E001A85246C05D179990476D1CD7
:104E60007F1C4F45F6DBE0030CD553462146179ACD
:104E7000039800F095F9054404E030205246179954
:104E800090476D1C0099481E00900029F5DC08E051
:104E90000298029952460078491C0291179990474E
:104EA0006D1CBBF10001ABF1010BF1DC5BE100F02B
:104EB00065F90544761C307800287FF40DAE19B0F2
:104EC0002846BDE8F08F0000092801003031323358
:104ED0003435363738396162636465660000000036
:104EE0003031323334353637383941424344454620
:104EF00000000000600700D4062708F1070020F03A
:104F00000700F0E80223804603F0004C5FEA0C0043
:104F100001D097A009E0200501D596A005E0E007A3
:104F200001D095A001E0AFF24C001390307823F04F
:104F3000004365280CD006DC452809D046281DD042
:104F400047287FD13BE0662818D067287AD136E021
:104F50000021112F01DB112000E0781CCDE90001B8
:104F600004A90CA8FFF7EEFCDDE90D010C9A4FF047
:104F7000000B07F10109109200914EE04FF0004044
:104F80000097CDE9011004A90CA8FFF7DBFCDDE9CF
:104F90000D020C9B0F994FF0000B9146109300925D
:104FA00011B9791C00EB0109B7EB090003D4C0F17A
:104FB000FF3B07F10109A9EB0700019042E0012F37
:104FC00000DA01270021112F01DD112000E0384611
:104FD000CDE9000104A90CA8FFF7B4FCDDE90D013F
:104FE0000C9A00914FF0000BB946109221070FD494
:104FF000009A4A4503DA914601E0A9F10109B9F1A5
:10500000010F05DD109AA9F10101515C3029F4D09E
:10501000B84202DA10F1040F03DA0121CDE90110E0
:1050200010E0002803DC8344A9EB000102E0411CEE
:10503000494500DD8946A0EB0B00401C01904FF074
:1050400000400290200705D40198484502DB4FF04C
:10505000FF30019000208DF84B0002980DF14B07B6
:10506000B0F1004F25D002200C902B200D9002981B
:1050700000280CDA404202902D200D9007E00A2112
:105080000298FBF729F93031029007F8011D0C99BD
:10509000481E0C900029F2DC02980028EFD1791EFE
:1050A0000D980870307800F0200040F0450007F8B7
:1050B000020D11A8C01BC01D02901398007800B10A
:1050C000012000EB0901019801EBE0710298014415
:1050D0000398401A401E0390E00306D4534621462D
:1050E000179A039800F05CF805441398007818B1FB
:1050F0005246179990476D1CE00323D5534621462D
:10510000179A039800F04CF805441BE0BBF1000F20
:1051100007DB0098584504DD1098179910F80B002C
:1051200001E0179930205246904701980BF1010B8E
:10513000401E05F10105019004D12E205246179919
:1051400090476D1CB9F10001A9F10109DEDC05E011
:1051500017F8010B5246179990476D1C0299481E8B
:1051600002900029F4DC53462146179A03989EE6E4
:105170002D0000002B000000200000002DE9F04170
:10518000044600251E461746880404D405E0394627
:105190002020B0476D1C641EF9D52846BDE8F0817B
:1051A0002DE9F041044600251E469046C80301D56E
:1051B000302700E02027880404D505E04146384622
:1051C000B0476D1C641EF9D52846BDE8F08110B5C6
:1051D000FCF75EFDFEF7FBFEFEF7D2FCFEF7A0FC3F
:1051E000FEF780FEFEF730FDFEF798FD10BD0000D3
:1051F0002DE9FC4104460D4616468DF804508DF805
:1052000005604FF0FF30022301AA214600900548B7
:10521000FCF760FB074617B90120BDE8FC810020C0
:10522000FBE70000F00000202DE9FE4304460D4698
:1052300016461F464FF0FF3001232A462146CDE98E
:10524000006702900548FCF7FDFB8046B8F1000FAF
:1052500002D10120BDE8FE830020FBE7F000002022
:105260002DE9FC4104460D4616468DF804508DF894
:1052700005604FF0FF30022301AA21460090054847
:10528000FCF728FB074617B90120BDE8FC81002088
:10529000FBE70000440100202DE9F04104460D46E3
:1052A000164600270D480068A8B10C480068012880
:1052B00003D00A480068022807D16106080E32466A
:1052C0002946FFF7CDFF074605E04FF49B620449EE
:1052D00004A0FFF7FBFA3846BDE8F081000000208B
:1052E000986900086572726F723A202573206C69A4
:1052F0006E653A2564206273705F693263325F774E
:10530000726974655F726567206E6F2066756E6383
:1053100074696F6E2121210D0A0000002DE9F04112
:1053200004460D4616461F464FF000080E4800681A
:10533000B0B10D480068012803D00B48006802286E
:1053400008D16106080E3B463246294600F02CF88B
:10535000804605E040F2EC42044905A0FFF7B6FAAA
:105360004046BDE8F081000000000020AB69000865
:105370006572726F723A202573206C696E653A25EA
:1053800064206273705F693263325F77726974653B
:105390005F72656773206E6F2066756E6374696FE8
:1053A0006E2121210D0A00002DE9FE4304460D4621
:1053B00016461F464FF0FF3001232A462146CDE90D
:1053C000006702900548FCF73DFB8046B8F1000FEE
:1053D00002D10120BDE8FE830020FBE7440100204C
:1053E0002DE9F04104460D46164600271148006895
:1053F00038B96106080E3246294601F047F90746DA
:1054000015E00C480068012803D00A48006802280B
:1054100007D16106080E32462946FFF7E9FE074626
:1054200005E040F29A42044904A0FFF74FFA3846DB
:10543000BDE8F08100000020626900086572726FAB
:10544000723A202573206C696E653A256420627378
:10545000705F6932635F77726974655F7265672038
:105460006E6F2066756E6374696F6E2121210D0A5F
:10547000000000002DE9F04104460D4616461F4687
:105480004FF000081248006840B96106080E3B461C
:105490003246294601F04CF9804616E00C48006877
:1054A000012803D00A480068022808D16106080EC6
:1054B0003B4632462946FFF7B7FE804605E040F2FC
:1054C000AE42044904A0FFF701FA4046BDE8F0816E
:1054D00000000020746900086572726F723A20251E
:1054E00073206C696E653A2564206273705F69325F
:1054F000635F77726974655F726567206E6F20669F
:10550000756E6374696F6E2121210D0A0000000021
:1055100010B5044619480068002803DB17480068E6
:10552000022829DD1548046034B915A0FFF7CEF92B
:10553000002000F097FD1FE0012C09D116A0FFF715
:10554000C5F91C48FEF748FB1A48FEF761FB13E05B
:10555000022C09D118A0FFF7B9F91E48FEF73CFB51
:105560001C48FEF755FB07E04FF0FF300349086089
:1055700019A0FFF7ABF910BD00BFFCE70000002049
:105580000D0A757365722073656C6563742049320A
:10559000432D53570D0A00000D0A75736572207371
:1055A000656C656374204932432D48573430304B65
:1055B0000D0A0000801A06000D0A757365722073CB
:1055C000656C656374204932432D48573130303063
:1055D0004B0D0A0000350C000D0A49324320696E5C
:1055E0006974206572726F72210D0A0070470000A5
:1055F00070B504460E462068002860DA5DE000259C
:1056000049A0FFF763F900BF25E0504800EBC50053
:105610008078F8B14D4830F93500072810DB4B4849
:1056200030F935000A280BDCA6B1484800EBC5006C
:105630004268464830F9351045A0FFF747F909E0C0
:10564000424800EBC5004268404830F9351040A0A0
:10565000FFF73CF96D1C0C2DD7D321463FA0FAF77C
:1056600085FD2068002809DB20680B2806DA374909
:10567000206801EBC0008078F0B11FE000BF00BFE0
:1056800000BF00BF00BFBFF34F8F00BF00BF00BF10
:105690003348006800F4E06032490843001D304997
:1056A000086000BF00BF00BFBFF34F8F00BF00BF47
:1056B00000BF00BF00BFFDE700BFA0E700BF20683C
:1056C00000280BDB2068022808DC27A02168FFF7F0
:1056D000FDF8218808B2FFF71BFF24E020680328AB
:1056E0000BDB2068062808DC23A02168FFF7EEF812
:1056F000218808B2FFF77AFF15E0206807280FDB42
:1057000020680A280CDC2048027B20A02168FFF7D3
:10571000DDF81D4A117B228810B200F05DF802E02E
:105720001FA0FFF7D3F870BD53656C6563742063E9
:105730006F6D6D756E69636174696F6E2070726FE5
:10574000636F746F6C3A0D0A00000000F068000887
:105750005B25645D3A2025730D0A00002564000076
:105760000CED00E00000FA05696E6974206932638F
:105770002025640D0A000000696E69742069336396
:105780002025640D0A00000000000020696E697485
:10579000207370692025642D25640D0A0000000027
:1057A0004576622063616E206E6F74207375707031
:1057B0006F7274207468697320636F6D6D756E69A4
:1057C000636174696F6E2070726F636F746F6C21A8
:1057D00021210D0A0000000070B504460D46204846
:1057E0008068072803DB1E4880680A2836DD1C48CD
:1057F000846001460D73072C07D1294619A0FFF7D5
:1058000065F82846FEF75CFA28E0082C06D140F23D
:105810006D421E491E48FFF759F81FE0092C08D1B8
:1058200029461CA0FFF752F82946042000F0DAFFB1
:1058300014E00A2C08D1294620A0FFF747F8294692
:10584000032000F0CFFF09E04FF0FF3004498860EB
:1058500040F27C420D4923A0FFF738F870BD0000EC
:10586000000000200D0A757365722073656C656316
:10587000742048572D345749524520535049206DC4
:105880006F64655B25645D0D0A00000050690008C7
:105890005CD400080D0A757365722073656C6563CE
:1058A000742053572D345749524520535049206D89
:1058B0006F64655B25645D0D0A0000000D0A757359
:1058C00065722073656C6563742053572D33574997
:1058D000524520535049206D6F64655B25645D0D12
:1058E0000A0000006572726F723A202573206C699D
:1058F0006E653A2564206273705F706F72745F73B7
:1059000070695F696E6974206E6F2066756E63746E
:10591000696F6E2121210D0A0000000010B50B48AF
:10592000007838B10020094908700846406808B17D
:10593000486880470548407838B1002003494870DE
:105940000846806808B18868804710BD14050020AB
:1059500010B52F48406990B12D48007C00F002003E
:1059600068B12B484069401E294948610846406992
:1059700020B90020087027A0FEF7A8FF10BD24481A
:10598000806990B12248007C00F0040068B1204892
:105990008069401E1E4988610846806920B9002040
:1059A000087222A0FEF792FFE8E719480078A0B13C
:1059B0000020174908700846406808B148688047C9
:1059C0001348007C00F0020038B11E4800684FF414
:1059D0009661B0FBF1F00E4948610D48007AA0B124
:1059E00000200B4908720846C06808B1C8688047A3
:1059F0000748007C00F0040038B1124800684FF4FA
:105A00009661B0FBF1F00249886100BFB6E7000083
:105A1000200500206B657931206465626F756E63C7
:105A20006520646F6E650D0A000000006B657932B9
:105A3000206465626F756E636520646F6E650D0A24
:105A400000000000280000202DE9F04104460D462A
:105A500017461E464FF000081B4884420BD126B162
:105A600000211A48FDF73CFA03E000211748FDF732
:105A7000A1FABDE8F081B4F1804F0AD1DFF850807F
:105A80000020144948700846C5603846FEF7A0F962
:105A90000CE01148844209D1DFF8408000200D4914
:105AA0008870084605613846FEF7D6F9B8F1000F50
:105AB00007D01EB14046FCF77FFF02E04046FCF7EE
:105AC000B7FF00BFD5E70000002C0140F001002027
:105AD00038020020F0040020000400408002002072
:105AE00010B51C48007838B100201A4908700846E3
:105AF000806808B1886880471648407838B100202F
:105B0000144948700846C06808B1C8688047114801
:105B1000807838B100200F4988700846006908B1C4
:105B2000086980470B48C07838B100200949C8701F
:105B30000846406908B1486980470648007938B18D
:105B40000020044908710846806908B188698047C7
:105B500010BD0000F004002010B51748D0F8040173
:105B600048B31548D0F80401401E1349C1F8040198
:105B70000846D0F80401F0B90846B0F80201D0B1E7
:105B80000846D0F8080130B10846B0F80211D0F844
:105B90000821801C90474FF480710748801CFAF759
:105BA000DAFA00200449A1F802014FF48072891C3E
:105BB0000248FDF772FA10BDA00300205803002030
:105BC00038B504460020009000BF0C48006800680B
:105BD00000F020002028F8D14FF0FF330122694661
:105BE0000648FDF7A7FC30B94FF0FF3301226946A4
:105BF0000248FDF702FD9DF8000038BD5803002063
:105C000013B50C464FF0FF33012269460248FDF7F9
:105C1000F4FC00981CBD00005803002010B500F0F3
:105C2000C5FA10BD10B500F07BFB10BD2DE9FC419D
:105C300004460D4616461F46012008213B463246C3
:105C4000CDE900102946204600F036FCBDE8FC8175
:105C50002DE9FC4106460F4614461D46DDF820801E
:105C60000120EBB2E2B23946CDE90080304600F0C7
:105C700069FCBDE8FC81000070B504460025002CDD
:105C800035D120213348FAF766FA002031490880DF
:105C90004880802088804020C8802F488860052068
:105CA0008881022048820020C86148612820C8817C
:105CB00008468088B1F90E10022202FB1100254926
:105CC000088200208861886900F052FBFFF7A6FF78
:105CD000FFF7A8FF19254FF47A7090FBF5F086B214
:105CE000012332461D499807FFF7AEFE31E0012C33
:105CF0002ED120211A48FAF72EFA002018490880E0
:105D000020204880802088802020C8801548886016
:105D10001C208881E01E48820020C88180200882E3
:105D20000020C86148618861886900F021FBFFF7A5
:105D300075FFFFF777FF14254FF47A7090FBF5F0AD
:105D400086B20123324608490848FFF77DFE00E08D
:105D5000002570BDC809002030000020455E000805
:105D6000E809002044000020555E000800040040BF
:105D7000F8B504460025A06810B1A089002800DC11
:105D8000F8BDE069401CE061A189E069B0FBF1F277
:105D900001FB1205FFF742FFB4F90000B4F90E1041
:105DA0000844218A4942884213DC6069401E6061D0
:105DB0006069002806DC01206061608A404200B210
:105DC000608220E0B4F90E00C0F1800000B22080B3
:105DD00019E0B4F90000B4F90E100844802812DB71
:105DE0006069401E60616069002806DC0120606116
:105DF000608A404200B2608205E0208AE18908445E
:105E0000404200B220802088618A084400B220808D
:105E1000A06900F0ADFAA06850F825000090E38872
:105E2000A288B4F90210B4F90000FFF711FF0823AB
:105E300000210846E269FFF7F9FEFFF7F3FE00BF15
:105E40009EE7000010B50248FFF792FF10BD00006A
:105E5000C809002010B50248FFF78AFF10BD0000F6
:105E6000E809002070B50446002530E004F0800009
:105E700030B1184A518950680122FBF737FC05E020
:105E8000144A518950680022FBF730FC022000F0D0
:105E9000A7F8104A118910680122FBF727FC02209D
:105EA00000F09EF80B4A118910680022FBF71EFCD7
:105EB000072D05D1074A518950680122FBF716FCCE
:105EC0006006040E022000F08BF8681CC5B2082D95
:105ED000CCDB70BD1000002010B5114A518950680C
:105EE0000122FBF703FC0E4A118910680122FBF71F
:105EF000FDFB022000F074F8094A51895068002225
:105F0000FBF7F4FB022000F06BF8054A11891068DA
:105F10000022FBF7EBFB022000F062F810BD00004E
:105F20001000002010B5114A118910680022FBF7FB
:105F3000DDFB022000F054F80C4A51895068002221
:105F4000FBF7D4FB022000F04BF8084A11891068D7
:105F50000122FBF7CBFB022000F042F8034A5189F3
:105F600050680122FBF7C2FB10BD000010000020AA
:105F700010B51A4A518950680122FBF7B7FB02207D
:105F800000F02EF8154A118910680122FBF7AEFBCC
:105F9000022000F025F8114A51895068FBF79EFB5A
:105FA00080B101240D4A118910680122FBF79EFB84
:105FB000022000F015F8094A518950680122FBF7C8
:105FC00095FB09E00024054A118910680022FBF7BF
:105FD0008DFB022000F004F8204610BD10000020C8
:105FE0003BE000BF00BF00BF00BF00BF00BF00BF5D
:105FF00000BF00BF00BF00BF00BF00BF00BF00BFA9
:1060000000BF00BF00BF00BF00BF00BF00BF00BF98
:1060100000BF00BF00BF00BF00BF00BF00BF00BF88
:1060200000BF00BF00BF00BF00BF00BF00BF00BF78
:1060300000BF00BF00BF00BF00BF00BF00BF00BF68
:1060400000BF00BF00BF00BF00BF00BF00BF00BF58
:1060500000BF00BF00BF00BF00BF011EA0F10100D4
:10606000BFD1704730B585B00446012500BF3C481C
:10607000806940F004003A4988610846806900F070
:106080000400009000BF00BF00BF0846806940F0D8
:10609000080088610846806900F00800009000BF91
:1060A00000BF00BF0846806940F0100088610846C4
:1060B000806900F01000009000BF00BF0320049032
:1060C0002848008901901120029000200390AC42E2
:1060D00000DB00241120029004EB4400224901EB74
:1060E00080000089019004EB44011F4A52F821000E
:1060F00001A9FBF763F91120029004EB44001A494F
:1061000001EB80004089019004EB4401164A02EB48
:106110008101486801A9FBF751F904EB44001249D9
:1061200051F820000F49086004EB44000E4901EBD0
:10613000800040680B49486004EB44000A4901EBC9
:10614000800000890749088104EB4400064901EBFF
:106150008000408903494881FFF7E4FE05B030BD67
:106160000010024010000020D4690008FFF72FF84B
:10617000642000F085FA01200B49086000210A48DC
:10618000FFF736FA002000F0F3F800F05FF8012086
:10619000FFF772FD07E0FFF7C1FBFFF7A1FCFFF778
:1061A000D7FBFFF7D9FCF6E73C05002010B54FF40C
:1061B00080610248F9F7CFFF10BD000048050020BC
:1061C00010B50446204600F05BFA10BDF0B5154648
:1061D000002805DB802803DA002901DB402900DBE9
:1061E000F0BD0C46CF1701EB5777C7F3C702CF17A7
:1061F00001EB5777FF10A1EBC707FEB20124B440B3
:10620000E3B24DB10A4C04EBC004A45C1C43084F3C
:1062100007EBC007BC5408E0054C04EBC004A45CC9
:106220009C43034F07EBC007BC5400BFD8E70000F6
:106230004805002010B5044622464FF4806102480C
:10624000F9F782FF10BD00004805002010B5C820F6
:10625000FFF7B6FFAE2000F0FBF9AE2000F0F8F932
:10626000002000F0F5F9102000F0F2F9402000F0D5
:10627000EFF9812000F0ECF9CF2000F0E9F9A1203E
:1062800000F0E6F9C82000F0E3F9A62000F0E0F9FC
:10629000A82000F0DDF93F2000F0DAF9D32000F06B
:1062A000D7F9002000F0D4F9D52000F0D1F98020F2
:1062B00000F0CEF9D92000F0CBF9F12000F0C8F9B8
:1062C000DA2000F0C5F9122000F0C2F9DB2000F05E
:1062D000BFF9402000F0BCF9202000F0B9F90220FD
:1062E00000F0B6F98D2000F0B3F9142000F0B0F9F9
:1062F000A42000F0ADF9A62000F0AAF9AF2000F02C
:10630000A7F90020FFF796FF10BD10B50246012047
:1063100000E050430B1EA1F10104E1B2F9D110BD20
:1063200010B5202000F094F9012000F091F921200F
:1063300000F08EF9002000F08BF97F2000F088F942
:10634000222000F085F9002000F082F9072000F0FB
:106350007FF94FF48061054800F060F9202000F0DB
:1063600077F9022000F074F910BD00004805002004
:106370000021014A116070472C0000202DE9FE4FDA
:106380000746884692461C460197CDF80080082CA7
:1063900002D14FF006091FE02046E31704EB5373C8
:1063A000DB1021464FEAE47C04EB5C7C4FEAEC0C0A
:1063B000A4EBCC0CBCF1000F02D04FF0010C01E0BB
:1063C0004FF0000C6344224604EBD27C4FEA6C0C85
:1063D00003FB0CF303F0FF09AAF12000C6B200256D
:1063E0005EE0082C07D106EB46002F4901EB400088
:1063F00010F805B01DE00C2C07D106EB46002B4928
:1064000001EB800010F805B013E0102C05D12848EE
:1064100000EB061010F805B00BE0182C07D106EBC6
:10642000C600244901EB800010F805B001E0BDE88A
:10643000FE8F002002901CE00BF0010028B14146C5
:1064400038460C9AFFF7C2FE09E00C9808B9012003
:1064500000E00020024641463846FFF7B7FE4FEA0B
:106460006B0B08F101000FFA80F80298401CC0B2D3
:10647000029002980828DFDB781C07B2082C0BD0AA
:1064800004EBD4714A100199791A8A4204D1019F10
:106490000098083000B20090DDF80080681CC5B29A
:1064A0004D459EDB00BFC2E70A6A0008326C000857
:1064B000A6700008967600082DE9FF4F82B00646C8
:1064C00091461F46DDE90F4A4FF0000B082C01D121
:1064D0004FF0020B002530E0781B401EC1B20A20AD
:1064E000FFF713FFB9FBF0F00A21B0FBF1F201FB5B
:1064F0001208B8F1000F0ED104EBD4710BEB61015F
:1065000001FB056108B223463022CDE900A40399BE
:10651000FFF734FF0FE004EBD4710BEB610101FBDB
:10652000056108B208F13001CAB22346CDE900A4E2
:106530000399FFF723FF681CC5B2BD42CCDB06B050
:10654000BDE8F08F2DE9FF4F05460E4617461C4665
:10655000DDF838904FF0000A0095B3462046E21768
:1065600004EB5272D2102146E31704EB5373DB1095
:10657000A4EBC3030BB1012300E000231A44D4B2FF
:106580004FF0000845E0002003903BE00D9810F824
:106590000A0002900AF101001FFA80FA002001901F
:1065A0001DE0029800F0010028B14A463146284615
:1065B000FFF70CFE0AE0B9F1000F01D1012000E065
:1065C0000020024631462846FFF700FE02984010A0
:1065D0000290701C06B20198401CC0B20190019854
:1065E0000828DEDB681C05B20098281AB84204D1DE
:1065F000009D0BF108000FFA80FB5E460398401CDB
:10660000C0B203900398B842C0DB08F1010000F06B
:10661000FF08A045B7DBBDE8FF8F000070B504465A
:106620000D460A48006830B92B46224640213C20DE
:10663000FEF720FF09E005480068012805D12B4638
:10664000224640213C20FEF769FE70BD2C00002050
:1066500010B504460948006828B9224600213C20AC
:10666000FEF7BEFE08E005480068012804D1224676
:1066700000213C20FEF710FE10BD00002C00002081
:1066800010B504462046FAF767FE10BD70B5064601
:106690000C461546FFF720FC3046FFF7E3FBFFF7FB
:1066A00067FC80B1214A118910680122FBF71EF8AE
:1066B0000220FFF795FC1D4A518950680122FBF723
:1066C00015F8002070BD2046FFF7CCFBFFF750FC0B
:1066D00080B1164A118910680122FBF707F80220E1
:1066E000FFF77EFC114A518950680122FAF7FEFF3C
:1066F0000020E7E72846FFF7B5FBFFF739FC80B13C
:106700000A4A118910680122FAF7F0FF0220FFF708
:1067100067FC064A518950680122FAF7E7FF00201A
:10672000D0E7FFF7FFFB0120CCE7000010000020BE
:106730002DE9F04180460D4616461F46FFF7CCFB7B
:106740004046FFF78FFBFFF713FC88B1244A1189FD
:1067500010680122FAF7CAFF0220FFF741FC204A25
:10676000518950680122FAF7C1FF0020BDE8F0818D
:106770002846FFF777FBFFF7FBFB80B1184A11892A
:1067800010680122FAF7B2FF0220FFF729FC144A31
:10679000518950680122FAF7A9FF0020E6E700249A
:1067A00018E0305DFFF75EFBFFF7E2FB80B10C4ABB
:1067B000118910680122FAF799FF0220FFF710FCF7
:1067C000074A518950680122FAF790FF0020CDE76F
:1067D000601C84B2BC42E4DBFFF7A4FB0120C5E7E8
:1067E0001000002030B585B005460C460020019011
:1067F00002900390049000BF3A48806940F0040082
:10680000384988610846806900F00400009000BFA4
:1068100000BF00BF0846806940F008008861084654
:10682000806900F00800009000BF00BF03200490C2
:106830002020019001200290039001A92A48FAF734
:10684000BDFD0320049040200190012002900390A0
:1068500001A92648FAF7B2FD032D0BD103200490BD
:106860008020019001200290039001A91E48FAF7B0
:10687000A5FD18E0042D16D103200490802001907E
:1068800001200290039001A91748FAF797FD032011
:10689000049040200190002002900120039001A963
:1068A0001148FAF78BFD012240211048FAF71EFF2C
:1068B0000CB1012C05D1002220210B48FAF716FF5C
:1068C0000EE0022C01D0032C05D101222021064824
:1068D000FAF70CFF04E0002220210348FAF706FF34
:1068E00005B030BD0010024000080140000C01401E
:1068F00000000100A4D4000801000100B0D4000889
:1069000002000100C8D4000803000000D4D400082D
:1069100004000000ECD4000805000000BCD400080E
:1069200006000000E0D400080700010010D50008B0
:1069300008000100F8D40008090001001CD5000877
:106940000A00010004D500080B00000028D500084B
:106950006273705F706F72745F7370695F696E6984
:1069600074006273705F6932635F77726974655F28
:10697000726567006273705F6932635F7772697412
:10698000655F72656773006273705F6932635F721F
:106990006561645F726567006273705F693263325C
:1069A0005F77726974655F726567006273705F69B3
:1069B0003263325F77726974655F72656773006214
:1069C00073705F693263325F726561645F726567BD
:1069D00000000000000C0140000C0140000100021A
:1069E00002030405060708090A0B0C0D0E0F101010
:1069F000010200000000000000000102030406077D
:106A0000080900000000010203040000000000006B
:106A10000000002F000000000700070000147F1492
:106A20007F1400242A7F2A12006264081323003690
:106A30004955225000000503000000001C224100BF
:106A4000000041221C000014083E08140008083E03
:106A50000808000000A060000008080808080000FE
:106A600060600000002010080402003E5149453ECD
:106A70000000427F400000426151494600214145EB
:106A80004B31001814127F10002745454539003C52
:106A90004A49493000017109050300364949493620
:106AA00000064949291E000036360000000056360F
:106AB00000000008142241000014141414140000F3
:106AC0004122140800020151090600324959513E81
:106AD000007C1211127C007F49494936003E414139
:106AE0004122007F4141221C007F49494941007FEA
:106AF00009090901003E4149497A007F0808087FD9
:106B00000000417F4100002040413F01007F081408
:106B10002241007F40404040007F020C027F007F06
:106B20000408107F003E4141413E007F09090906EB
:106B3000003E4151215E007F09192946004649491E
:106B400049310001017F0101003F4040403F001FEB
:106B50002040201F003F4038403F0063140814636A
:106B600000070870080700615149454300007F4154
:106B7000410000552A552A55000041417F0000047C
:106B800002010204004040404040000001020400B5
:106B9000002054545478007F48444438003844441A
:106BA000442000384444487F0038545454180008A6
:106BB0007E0901020018A4A4A47C007F08040478C4
:106BC0000000447D4000004080847D00007F10284C
:106BD00044000000417F4000007C04180478007CE1
:106BE0000804047800384444443800FC2424241861
:106BF0000018242418FC007C08040408004854549D
:106C0000542000043F444020003C4040207C001CB5
:106C10002040201C003C4030403C004428102844C8
:106C2000001CA0A0A07C004464544C441414141410
:106C3000141400000000000000000000000000002C
:106C4000FC000000000002000000000C020C02002A
:106C500000000000000090D0BCD0BC9000030003F6
:106C600000001824FE448C000302070201001824CF
:106C7000D8B04C80000300010201C038E438E000C5
:106C800001020201020208060000000000000000EC
:106C90000000000000F804020000000102040002ED
:106CA00004F800000004020100009060F860900009
:106CB0000000010000002020FC2020000000010056
:106CC0000000000000000000080600000000202076
:106CD0002020200000000000000000000000000054
:106CE0000002000000000080601C0200040300009D
:106CF0000000F8040404F800010202020100000888
:106D0000FC00000000020302000018844424180064
:106D100003020202020008042424D8000102020235
:106D2000010040B088FC80000000000302003C2409
:106D30002424C400010202020100F824242CC00013
:106D40000102020201000C04E41C04000000030024
:106D50000000D8242424D800010202020100384493
:106D60004444F8000003020201000000100000008B
:106D700000000200000000002000000000000600EB
:106D800000000020508804020000000001029090E2
:106D90009090900000000000000000020488502045
:106DA0000002010000001804C424180000000200C2
:106DB0000000F804E494F80001020202020000E07E
:106DC0009CF0800002030000030204FC2424D8008D
:106DD000020302020100F80404040C000102020292
:106DE000010004FC0404F80002030202010004FC98
:106DF00024740C0002030202030004FC24740C003F
:106E0000020302000000F0080444CC40000102022A
:106E1000010004FC2020FC0402030000030204041F
:106E2000FC040400020203020200000404FC040447
:106E300006040403000004FC24D00C040203020036
:106E4000030204FC04000000020302020203FC3CF3
:106E5000C03CFC0003000300030004FC30C4FC043D
:106E6000020302000300F8040404F8000102020215
:106E7000010004FC24241800020302000000F8842E
:106E80008404F80001020207050004FC2464980051
:106E9000020302000302182424448C0003020202AD
:106EA00001000C04FC040C0000020302000004FCBE
:106EB0000000FC04000102020100047C80E01C04CC
:106EC0000000030000001CE03CE01C000003000385
:106ED0000000049C609C0400020300030200041CE8
:106EE000E01C04000002030200000C84641C040087
:106EF0000203020203000000FE0202000000070479
:106F00000400000E30C0000000000001020000027A
:106F100002FE000000040407000000040204000058
:106F20000000000000000000000000000808080841
:106F300008080000020000000000000000000040FF
:106F4000A0A0C00000010202030204FC2020C00037
:106F500000030202010000C02020600000010202C4
:106F6000020000C02024FC0000010202030200C055
:106F7000A0A0C0000001020202000020F8242404A6
:106F80000002030202000040A0A0602000070A0ADD
:106F90000A0404FC2020C0000203020003020020B7
:106FA000E4000000000203020000000020E40000F2
:106FB00008080807000004FC80E02020020302000B
:106FC00003020404FC000000020203020200E020AD
:106FD000E020C00003000300030020E02020C000E8
:106FE00002030200030200C02020C00000010202D0
:106FF000010020E02020C000080F0A02010000C0AC
:107000002020E0000001020A0F0820E040202000BC
:107010000203020000000060A0A0200000020202A3
:1070200003000020F820000000000102020020E020
:107030000020E00000010202030220E02080602026
:107040000000030100006080E08060000003000396
:10705000000020608060200002030003020020E0A6
:10706000208060200808070100000020A0602000A8
:10707000000203020200000020DE02000000000700
:107080000400000000FF00000000000F00000002EC
:10709000DE200000000407000000020102040402D8
:1070A00000000000000000000000000000000000E0
:1070B000000000000000000000F8000000000000D8
:1070C00000333000000000100C06100C0600000019
:1070D00000000000000040C07840C0784000043F3D
:1070E00004043F040400007088FC0830000000180D
:1070F00020FF211E0000F008F000E0180000002131
:107100001C031E211E0000F00888700000001E21D4
:1071100023241927211010160E0000000000000083
:10712000000000000000000000E018040200000061
:1071300000071820400000020418E0000000004092
:10714000201807000000404080F08040400002020C
:10715000010F01020200000000F000000000010128
:10716000011F01010100000000000000000080B0CC
:10717000700000000000000000000000000000019E
:1071800001010101010100000000000000000030C9
:107190003000000000000000000080601804006063
:1071A00018060100000000E010080810E000000FC1
:1071B000102020100F00001010F800000000002028
:1071C000203F202000000070080808887000003070
:1071D0002824222130000030088888483000001818
:1071E000202020110E000000C02010F80000000731
:1071F0000424243F240000F80888880808000019A7
:10720000212020110E0000E0108888180000000FD7
:10721000112020110E0000380808C83808000000AE
:10722000003F000000000070880808887000001C03
:10723000222121221C0000E010080810E0000000BC
:10724000312222110F00000000C0C0000000000029
:10725000003030000000000000800000000000004E
:107260008060000000000000804020100800000145
:107270000204081020004040404040404000040408
:1072800004040404040000081020408000000020D2
:10729000100804020100007048080808F00000000F
:1072A000003036010000C030C828E810E0000718A0
:1072B000272423140B000000C038E0000000203C0D
:1072C00023020227382008F8888888700000203FB1
:1072D000202020110E00C0300808080838000718C8
:1072E00020202010080008F808080810E000203FBF
:1072F000202020100F0008F88888E8081000203FA0
:1073000020202320180008F88888E8081000203F73
:10731000200003000000C0300808083800000718EB
:107320002020221E020008F808000008F808203F6C
:10733000210101213F20000808F808080000002072
:10734000203F2020000000000808F8080800C08046
:1073500080807F00000008F888C028180800203FBF
:1073600020012638200008F8080000000000203F17
:1073700020202020300008F8F800F8F80800203F0E
:10738000003F003F200008F830C00008F808203F08
:10739000200007183F00E01008080810E0000F1058
:1073A000202020100F0008F808080808F000203FEF
:1073B000210101010000E01008080810E0000F188A
:1073C000242438504F0008F8888888887000203FAF
:1073D0002000030C302000708808080838000038AE
:1073E000202121221C00180808F8080818000000B5
:1073F000203F2000000008F808000008F808001FDF
:10740000202020201F000878880000C838080000CD
:1074100007380E010000F80800F80008F800033CE7
:107420000700073C030008186880806818082030AF
:107430002C03032C30200838C800C838080000008E
:10744000203F2000000010080808C8380800203835
:10745000262120201800000000FE02020200000089
:10746000007F40404000000C30C0000000000000E1
:1074700000010638C00000020202FE0000000040C9
:1074800040407F00000000000402020204000000EF
:1074900000000000000000000000000000008080EC
:1074A00080808080808000020204000000000000D4
:1074B00000000000000000008080808000000019B3
:1074C000242222223F2008F8008080000000003F94
:1074D000112020110E000000008080800000000EAE
:1074E000112020201100000000808088F800000E8C
:1074F000112020103F200000808080800000001FAD
:10750000222222221300008080F088888818002020
:10751000203F202000000000808080808000006BE1
:1075200094949493600008F8008080800000203FCD
:10753000210000203F2000809898000000000020DB
:10754000203F20200000000000809898000000C02C
:107550008080807F000008F8000080808000203F4D
:1075600024022D302000000808F800000000002050
:10757000203F202000008080808080808000203F8D
:1075800020003F20003F8080008080800000203F5E
:10759000210000203F200000808080800000001F2C
:1075A000202020201F00808000808000000080FFBD
:1075B000A12020110E000000008080808000000EBD
:1075C000112020A0FF80808080008080800020200B
:1075D0003F21200001000000808080808000003377
:1075E000242424241900008080E080800000000012
:1075F000001F202000008080000000808000001F0D
:10760000202020103F2080808000008080800001AA
:107610000E300806010080800080008080800F30DE
:107620000C030C300F000080800080808000002060
:10763000312E0E312000808080000080808080818B
:107640008E701806010000808080808080000021FC
:10765000302C2221300000000000807C020200005B
:107660000000003F404000000000FF00000000005C
:107670000000FF0000000002027C800000000040CB
:10768000403F000000000006010102020404000067
:1076900000000000000000000000000000000000EA
:1076A00000000000000000000000000000000000DA
:1076B000000000000000000000000000000000F0DA
:1076C000F0F0000000000000000000017F01000059
:1076D000000000000000001C1C1C00000000000056
:1076E0008060301C8C60301C0C000000000000002A
:1076F000000000000000000000000000000000008A
:107700000000000000E00000000000E00000008633
:10771000E69F86868686E69F860000011F0101019E
:1077200001011F010100000080C06020F820E0C0BE
:107730000000000003070C18FF70E181000000004A
:10774000070F10107F100F0700008060206080007E
:107750000000E02000000F3020309F70DC37103038
:10776000C0000000100E03000718101807000000EA
:10777000C02020E0C0000000000080E01F38E88743
:1077800003C43C040000070F1810100B070D101065
:10779000080000808C4C3800000000000000000051
:1077A00000000000000000000000000000000000D9
:1077B00000000000000000000000000080E0300831
:1077C00004000000000000FEFF01000000000000B7
:1077D00000000000030F1820400000040830E08083
:1077E0000000000000000000000001FFFE0000009B
:1077F0000000004020180F030000000000000000FF
:1078000000000000C00000000000004266663C1856
:10781000FF183C6666420000000000000300000004
:1078200000000000000000008000000000000010C8
:1078300010101010FF1010101010000000000000B9
:107840000300000000000000000000000000000035
:1078500000000000000000000000000000000080A8
:107860008C4C380000000000000000000000000008
:107870000000000000000010101010101010101078
:1078800010000000000000000000000000000000E8
:1078900000000000000000000000000000000000E8
:1078A00000000000000000001C1C1C000000000084
:1078B00000000000000000000000E0380C000000A4
:1078C000000080701C03000000000060380E010002
:1078D000000000000000000080C060202060C08028
:1078E000000000FEFF010000000001FFFE0000019B
:1078F000070E181010180E0701000000808080C0CD
:10790000E000000000000000000000FFFF00000099
:10791000000000001010101F1F1010100000008049
:10792000402020202060C080000000030300804031
:1079300020381F070000001C1A1918181818181FE3
:1079400000000080C020202060C0800000000003F4
:1079500003001010182FE780000000070F10101010
:1079600010180F070000000000000000C0E0F00049
:10797000000000C0B088868180FFFF80800000008A
:1079800000000010101F1F1010000000E060606079
:1079900060606060000000003F1008080818F0E018
:1079A000000000070B101010101C0F030000000057
:1079B00080C040202020E0C0000000FCFF21100813
:1079C000080818F0E0000001070C18101010080F4C
:1079D00003000000C0E06060606060E060000000E4
:1079E00003000000E0180700000000000000001F76
:1079F0001F00000000000080C0602020202060C028
:107A000080000087EF2C1818303068CF8300000703
:107A10000F0810101010180F07000000C0C0202021
:107A20002020C0800000001F3F604040402010FF29
:107A3000FE0000000C1C101010080F0300000000D6
:107A40000000000000000000000000000000000E28
:107A50000E0E0000000000000000001C1C1C0000B6
:107A60000000000000000000000000000000000016
:107A70000000000C0C000000000000000000005896
:107A800038000000000000000000000000804020DE
:107A900010000000102844820100000000000000D7
:107AA00000000000010204081000000000000000B7
:107AB0000000000000000084848484848484848422
:107AC0008400000000000000000000000000000032
:107AD00010204080000000000000000000000000B6
:107AE0000182442810000000100804020100000078
:107AF000000000C020201010101030E0C000000373
:107B0000030000F010080C070300000000001C1C1C
:107B10001C0000000000000000C040602020204049
:107B2000C00000FCFF01F00E03C1FE03807F0001D6
:107B3000070E08111110110904020000000080E076
:107B4000E000000000000000807C4340477FF88098
:107B5000000010181F1000000000131F1C1020E070
:107B6000E02020202060C080000000FFFF101010E7
:107B700010182FE78000101F1F1010101010180F82
:107B80000700000080C0402020202060E00000FCB2
:107B9000FF0100000000000001000001070E1810A6
:107BA00010100804030020E0E02020202040C080C6
:107BB000000000FFFF000000000001FFFE00101F9A
:107BC0001F10101018080E07010020E0E0202020F0
:107BD00020202060800000FFFF101010107C0000AB
:107BE0000000101F1F10101010101018060020E0C9
:107BF000E020202020206060800000FFFF10101097
:107C0000107C00000100101F1F1000000000000089
:107C10000000000080C06020202040E0000000FC48
:107C2000FF0100004040C0C140400001070E181095
:107C300010100F0F000020E0E0200000000020E006
:107C4000E02000FFFF101010101010FFFF00101FA9
:107C50001F1000000000101F1F100000202020E057
:107C6000E020202000000000000000FFFF000000D6
:107C7000000000001010101F1F1010100000000066
:107C80000000202020E0E020202000000000000074
:107C900000FFFF0000000060E0808080C07F3F00A8
:107CA000000020E0E020000020A06020200000FF75
:107CB000FF30187CE3C000000000101F1F10000000
:107CC00001131F1C181020E0E0200000000000003D
:107CD000000000FFFF000000000000000000101F77
:107CE0001F10101010101018060020E0E0E0000037
:107CF0000000E0E0E02000FF013FFEC0E01E01FFC9
:107D0000FF00101F1000031F0300101F1F1020E0B2
:107D1000E0C0000000000020E02000FF0003071C7E
:107D200078E08000FF00101F100000000000030F2B
:107D30001F00000080C060202060C080000000FEA6
:107D4000FF010000000000FFFE000001070E1810F8
:107D500010180C07010020E0E0202020202060C047
:107D6000800000FFFF2020202020301F0F00101F68
:107D70001F100000000000000000000080C0602014
:107D80002060C080000000FEFF010000000000FF36
:107D9000FE000001070E1111133C7C67210020E05A
:107DA000E0202020202060C0800000FFFF10103065
:107DB000F0D0080F0700101F1F10000000030F1C59
:107DC00010100080C060202020204040E00000070C
:107DD0000F0C1818303060E08100001F0C081010E4
:107DE0001010180F07008060202020E0E0202020E5
:107DF00060800100000000FFFF00000000010000A3
:107E00000000101F1F100000000020E0E020000014
:107E100000000020E02000FFFF0000000000000044
:107E2000FF0000070F181010101010080700206046
:107E3000E0E02000000020E060200000077FF880E4
:107E400000807C03000000000000071F1C070000EA
:107E5000000020E0E02000E0E0200020E02000071B
:107E6000FFF8E01FFFFCE01F00000000031F0300FD
:107E7000011F03000000002060E0A0000020E0607F
:107E80002000000000038F7CF8C6010000000010F5
:107E9000181E130001171F1810002060E0E02000DA
:107EA000000020E06020000001073EF8E018070015
:107EB000000000000010101F1F10100000000080C4
:107EC0006020202020A0E0E0200000000000C0F0A2
:107ED0003E0F0300000000101C1F17101010101898
:107EE00006000000000000FC04040404040000007C
:107EF000000000FF00000000000000000000007F04
:107F0000404040404000000010E000000000000041
:107F1000000000000000031C608000000000000062
:107F20000000000000030C70800000000404040442
:107F300004FC0000000000000000000000FF000042
:107F40000000000040404040407F00000000000072
:107F50000010080C040C08100000000000000000D5
:107F60000000000000000000000000000000000011
:107F70000000000000000000000000000000000001
:107F800000000000000000000000808080808080F1
:107F900080808080808000000004040808000000C9
:107FA00000000000000000000000000000000000D1
:107FB00000000000000000000000000000000000C1
:107FC000000000000000000098D844642424FCF85D
:107FD0000000000F1F18101010081F1F101800209D
:107FE000E0F000000000000000000000FFFF1808A3
:107FF00004040CF8F00000001F0F18101010180FE8
:10800000030000000000000000000000000000E08D
:10801000F8180404043C3800000000030F0C101092
:108020001010080600000000000000000020E0F032
:10803000000000E0F81C04040408FFFF0000000337
:108040000F18101010081F0F08000000000000009B
:108050000000000000000000E0F8484444444C7870
:1080600070000000030F0C1810101008040000002E
:10807000000080C0602020E0C00000040404FFFF76
:10808000040404040000000010101F1F1010100052
:1080900000000000000000000000000000000000E0
:1080A00070F88C04048CF874040C007076CF8D8DFD
:1080B0008D89C87870000020E0F00000000000000A
:1080C00000000000FFFF08040404FCF8000000109A
:1080D0001F1F100000101F1F100000000000006094
:1080E0006000000000000000040404FCFC0000002C
:1080F000000000001010101F1F10101000000000E2
:1081000000000000006060000000000000000404A7
:1081100004FCFC0000000000C0C08080C07F3F0065
:1081200000000020E0F0000000000000000000005F
:10813000FFFF80C0F41C0404000000101F1F11008A
:10814000031F1C1010000000202020E0F0000000A1
:1081500000000000000000FFFF0000000000000021
:108160001010101F1F101010000000000000000071
:1081700000000000000004FCFC0804FCFC0804FCF7
:10818000FC00101F1F10001F1F10001F1F100000F9
:10819000000000000000000000000004FCFC0808D3
:1081A0000404FCF8000000101F1F100000101F1F27
:1081B000100000000000000000000000000000E0CF
:1081C000F0180C04040C18F0E00000030F0C101061
:1081D00010100C0F03000000000000000000000061
:1081E00000000004FCFC080404040CF8F00000800B
:1081F000FFFF889010101C0F03000000000000001B
:1082000000000000000000E0F81C04040408F8FC72
:10821000000000030F1810109088FFFF800000007E
:1082200000000000000000000000040404FCFC103A
:108230000804040C0C001010101F1F101010000078
:10824000000000000000000000000000000000002E
:108250003078CCC48484840C1C0000001E181010DC
:108260001011190F06000000000000C000000000FF
:10827000000000040404FFFF0404040000000000E8
:1082800000000F1F1010100C000000000000000084
:108290000000000000000004FCFE00000004FCFEE2
:1082A000000000000F1F181010081F0F080000002A
:1082B0000000000000000000000000040C3CFCC4B2
:1082C0000000C43C0C0400000000010F1E0E010061
:1082D0000000000000000000000000000000043C5E
:1082E000FCC400E47CFC84807C040000071F0700C1
:1082F00000071F0700000000000000000000000051
:1083000000000004041C7CE4C0341C0404000010C1
:10831000101C1601131F1C181000000000000000A4
:1083200000000000000000040C3CFCC400C43C043D
:1083300004000000C080C1370E01000000000000F2
:108340000000000000000000000000001C0404C445
:10835000F47C1C0400000000101C1F1711101018E2
:108360000E0000000000000000F80C0400000000F7
:108370000000001028EF00000000000000000000D6
:10838000003F60400000000000000000FF0000000F
:108390000000000000000000FF00000000000000DE
:1083A00000000000FF00000000000000040CF800C6
:1083B00000000000000000000000EF281000000096
:1083C0000000000040603F000000000000000018B6
:1083D00006020204081020203008000000000000FF
:1083E000000000000000000000000000000000008D
:1083F00000000000F010101010FF10101010F0001E
:10840000000000000F04040404FF040404040F002F
:1084100000004040405F555555755555555F4040EB
:1084200040000040200F094989790909090F2040BF
:10843000000000FE02424ACA4A4ACA4A4A4202FEB2
:10844000000000FF40504C4340404F50505C40FF04
:1084500000000000F888888888FF88888888F800ED
:10846000000000001F080808087F888888889F800F
:10847000F00080828282828282E2A2928A86828058
:108480008000000000000040807F0000000000002D
:108490000000101010FF109008888888FF888888D6
:1084A00008000444827F01808040432C10284681CC
:1084B00080000010101010D030FF30D0121C1010AF
:1084C000000010080402010000FF0000010204087F
:1084D000100004040484E43C2724242424E4040439
:1084E000040004020100FF0909090949897F00000D
:1084F000000000FE225A8600FE9292929292FE00A6
:10850000000000FF04080700FF4020030C14224174
:10851000400000804020180680000718204080009E
:10852000000001002070282621202024386000014E
:108530000100001012929292929292121202FE0088
:1085400000000000003F101010103F0040807F002E
:108550000000000000C080808080808080FC8480DB
:108560008080808080C0C0000000000000FF7F404D
:108570004040404040FF40404040404040FF7F007E
:10858000000000000000000000000000007F7000FC
:1085900000000000000000000000000000000000DB
:1085A000000000000000000000FCF80000000000D7
:1085B0000000000000000000000000000000FFFEBE
:1085C000020202020202020202FFFF020202020291
:1085D00002020202FF0300000000000000001F1F53
:1085E000040404040404040404FFFF040404040455
:1085F000040404041F00000000000000000000004C
:108600000000000000000000007F3F0000000000AC
:10861000000000000000000000000000000000005A
:10862000000000000000000000000000000000004A
:1086300000000000000000F8F8F0F07020000000DA
:10864000000000000000000000000000000000002A
:10865000000000000000000000000000000000001A
:10866000000080000000000000000000000000008A
:1086700000000000000000FFFFFFFF0000000000FE
:1086800000000000000000000000000000008080EA
:1086900000000000000000000000000000000000DA
:1086A000000000FFFFFE0606060606060606060692
:1086B00006060606060606FFFFFFFF060606060676
:1086C00006060606060606060606060606FFFFFF5F
:1086D000FF07020000000000000000000000000092
:1086E000000000FFFFFF000000000000000000008D
:1086F00000000000000000FFFFFFFF00000000007E
:1087000000000000000000000000000000FFFFFF6C
:10871000FF0000000000000000000000000000005A
:10872000000000FFFFFF181818181818181818185C
:1087300018181818181818FFFFFFFF18181818181D
:1087400018181818181818181818181818FFFFFFF4
:10875000FF0000000000000000000000000000001A
:108760000000020101000000000000000000000005
:1087700000000000000000FFFFFFFF0000000000FD
:1087800000000000000000000000000000010100E7
:1087900000000000000000000000000000000000D9
:1087A00000000000000000000000000000000000C9
:1087B00000000000000000FFFFFFFF0000000000BD
:1087C00000000000000000000000000000000000A9
:1087D0000000000000000000000000000000000099
:1087E0000000000000000000000000000000000089
:1087F000000000000000001F1F0F0F00000000001D
:108800000000000000000000000000000000000068
:108810000000000000000000000000000000000058
:108820000000000000000000000000000000000048
:108830000000000000000000000000000000000038
:108840000000000000000000000000000000000028
:108850000000000000000000000000000000000018
:108860000000000000000000000000000000000008
:1088700000000000000000000000000000000000F8
:1088800000000000000000000000000000000000E8
:1088900000000000000000000000000000000000D8
:1088A00000000000000000000000000000000000C8
:1088B00000000000000000000000000000000000B8
:1088C0000000000000000000000000000080C0F078
:1088D000F0F0E000000000000000000000000000D8
:1088E0000000008080C0C0C0000000000000000048
:1088F0000000000000000000000000000000000078
:108900000000000000000000000000000000000067
:108910000000000000000000000000000000000057
:108920000000000000000000000000000000000047
:108930000000000000000000000000000000000037
:1089400000000000000080C0E0F0F8FCFEFFFFFF28
:108950007F3F3FFFFFFFFFFFFFFFFFFFFF7F7EFE29
:10896000FEFFFFFFFFFFFFF7E080000000000000B8
:1089700000000000000000000000000000000000F7
:1089800000000000000000000000000000000000E7
:1089900000000000000000000000000000000000D7
:1089A00000000000000000000000000000000000C7
:1089B00000000000000000000000000000000000B7
:1089C0000000000046E37F7FFFFFFFFF3F1F9FCFB8
:1089D000E0E0F0733B3B9383FFFFFFFFFF80C0FFAE
:1089E000FFFFFFFFFFFFFFFFFFFFFFFC38600000FE
:1089F0000000000000000000000000000000000077
:108A00000000000000000000000000000000000066
:108A10000000000000000000000000000000000056
:108A20000000000000000000000000000000000046
:108A30000000000000000000000000000000000036
:108A400000000000000000000303E1F8FEFFFF1F2C
:108A5000C7E3F8FCFFFFFFFFFFFFC3813C6CCCE4E2
:108A6000E1E7EFFF1F0F0F0F0F0F030706000000D6
:108A700000000000000000000000000000000000F6
:108A800000000000000000000000000000000000E6
:108A900000000000000000000000000000000000D6
:108AA00000000000000000000000000000000000C6
:108AB00000000000000000000000000000000000B6
:108AC000000000000000000000007FFFFFFFFFFF2C
:108AD000FFFFFFFFFFFFFFFFFFFFFFFFFFFEFEFCAB
:108AE000FFFFFF0000000000000000000000000089
:108AF0000000000000000000000000000000000076
:108B00000000000000000000000000000000000065
:108B10000000000000000000000000000000000055
:108B20000000000000000000000000000000000045
:108B30000000000000000000000000000000000035
:108B40000000000000000000C0F0F87F7F7F3F3F82
:108B50003F3F3F3F3F3F3F3F3F3F3F3F3F7F7F7F65
:108B60007F7FFFF8F0E080103030383C3E38180846
:108B700000000000000000000000000000000000F5
:108B800000000000000000000000000000000000E5
:108B900000000000000000000000000000000000D5
:108BA00000000000000000000000000000000000C5
:108BB00000000000000000000000000000000000B5
:108BC00000000000000000000000000000000000A5
:108BD0000000000000000000000000000000000095
:108BE0000000000000010000000000000000000084
:108BF0000000000000000000000000000000000075
:108C00000000000000000000000000000000000064
:108C10000000000000000000000000000000000054
:108C20000000000000000000000000000000000044
:108C30000000000000000000000000000000000034
:108C40000000000000000000000000000000000024
:108C50000000000000000000000000000000000014
:108C60000000000000000000000000000000000004
:108C700000000000000000000000000000000000F4
:108C800000000000000000000000000000000000E4
:108C900000000000000000000000000000000000D4
:108CA00000000000000000000000000000000000C4
:108CB00000000000000000000000000000000000B4
:108CC00000000000000000000000000000C0E0F014
:108CD000F0E0800000000000000000000000000044
:108CE000008080C0C0E0E0E0000000000000000064
:108CF0000000000000000000000000000000000074
:108D00000000000000000000000000000000000063
:108D10000000000000000000000000000000000053
:108D20000000000000000000000000000000000043
:108D30000000000000000000000000000000000033
:108D400000000000000080C0E0F0F8FCFFFFFFFF23
:108D50003F3FFFFFFFFFFFFFFFFFFFFFFF3F3FFF23
:108D6000FFFFFFFFFFFFFFFBE0C0800000000000EF
:108D700000000000000000000000000000000000F3
:108D800000000000000000000000000000000000E3
:108D900000000000000000000000000000000000D3
:108DA00000000000000000000000000000000000C3
:108DB00000000000000000000000000000000000B3
:108DC00000000000C6E77F7FFFFFFFFFFF7F3F8FB0
:108DD000C0E0E7F373330387FFFFFFFFFFC0C0FF6F
:108DE000FFFFFFFFFFFFFFFFFFFFFFFE9C3820009C
:108DF0000000000000000000000000000000000073
:108E00000000000000000000000000000000000062
:108E10000000000000000000000000000000000052
:108E20000000000000000000000000000000000042
:108E30000000000000000000000000000000000032
:108E40000000000002010002030307C3F0FCFFFF63
:108E50003F0FC1F8FEFFFFFFFFFF81183C4EECE023
:108E6000E1E7E7FFFF070707070705010302000027
:108E700000000000000000000000000000000000F2
:108E800000000000000000000000000000000000E2
:108E900000000000000000000000000000000000D2
:108EA00000000000000000000000000000000000C2
:108EB00000000000000000000000000000000000B2
:108EC0000000000000000000000000FFFFFFFFFFA7
:108ED000FEFFFFFFFFFFFFFFFFFFFFFFFEFEFCFCAB
:108EE000FDFFFFFF1F000000000000000000000069
:108EF0000000000000000000000000000000000072
:108F00000000000000000000000000000000000061
:108F10000000000000000000000000000000000051
:108F20000000000000000000000000000000000041
:108F30000000000000000000000000000000000031
:108F4000000000000000000000000007FFFFFF7F9E
:108F50007F3F3F3F1F1F1F1F1F1F3F3FFFFF7F7FA1
:108F60001F0F0731707070F0F090100000000000CB
:108F700000000000000000000000000000000000F1
:108F800000000000000000000000000000000000E1
:108F900000000000000000000000000000000000D1
:108FA00000000000000000000000000000000000C1
:108FB00000000000000000000000000000000000B1
:108FC000000000000000000000000000010100009F
:108FD0000000000000000000000000000000000091
:108FE0000000000000000000000000000000000081
:108FF0000000000000000000000000000000000071
:109000000000000000000000000000000000000060
:109010000000000000000000000000000000000050
:109020000000000000000000000000000000000040
:109030000000000000000000000000000000000030
:109040000000000000000000000000000000000020
:109050000000000000000000000000000000000010
:109060000000000000000000000000000000000000
:1090700000000000000000000000000000000000F0
:1090800000000000000000000000000000000000E0
:1090900000000000000000000000000000000000D0
:1090A00000000000000000000000000000000000C0
:1090B00000000000000000000000000000000000B0
:1090C000000000000000000000000000C0E0E0C060
:1090D0008000000000000000000000000000000010
:1090E00080C0E0F0F0E000000000000000000000A0
:1090F0000000000000000000000000000000000070
:10910000000000000000000000000000000000005F
:10911000000000000000000000000000000000004F
:10912000000000000000000000000000000000003F
:10913000000000000000000000000000000000002F
:10914000000000000000000080C0E0FEFFFFFFFF05
:10915000FFFF7F7FFFFFFFFFFFFFFFFFFFFF7F3F5F
:109160007FFFFFFFFFFFFEF8F0E0C080000000007F
:1091700000000000000000000000000000000000EF
:1091800000000000000000000000000000000000DF
:1091900000000000000000000000000000000000CF
:1091A00000000000000000000000000000000000BF
:1091B00000000000000000000000000000000000AF
:1091C000000000000038BCFEFFFFFFFFFFFFFFFFB5
:1091D0007F3F80C0C0E7F3733B3383C7FF7F7F408F
:1091E000407FFFFFFFFFFFFFFFFFFFFFEF8C080047
:1091F000000000000000000000000000000000006F
:10920000000000000000000000000000000000005E
:10921000000000000000000000000000000000004E
:10922000000000000000000000000000000000003E
:10923000000000000000000000000000000000002E
:109240000000000000000703010F0F0F0FFFE7F100
:10925000FCFEFF3F0FC3F0FCFFFFFFFFC08C3E365C
:1092600076707077FFFF0303030303000103000020
:1092700000000000000000000000000000000000EE
:1092800000000000000000000000000000000000DE
:1092900000000000000000000000000000000000CE
:1092A00000000000000000000000000000000000BE
:1092B00000000000000000000000000000000000AE
:1092C00000000000000000000000000000FFFFFFA1
:1092D000FFFFFFFFFFFFFFFFFFFFFFFFFFFFFFFF9E
:1092E000FEFEFEFEFF7F0000000000000000000008
:1092F000000000000000000000000000000000006E
:10930000000000000000000000000000000000005D
:10931000000000000000000000000000000000004D
:10932000000000000000000000000000000000003D
:10933000000000000000000000000000000000002D
:10934000000000000000000E3C383E00F0FFFFFF70
:109350007F7F7F3F3F3F3F1F1F1F1F1F1F1F1F3F5D
:109360003F7F7F7F3F000000000000000000000002
:1093700000000000000000000000000000000000ED
:1093800000000000000000000000000000000000DD
:1093900000000000000000000000000000000000CD
:1093A00000000000000000000000000000000000BD
:1093B00000000000000000000000000000000000AD
:1093C000000000000000000000000000000100009C
:1093D000000000000000000000000000000000008D
:1093E000000000000000000000000000000000007D
:1093F000000000000000000000000000000000006D
:10940000000000000000000000000000000000005C
:10941000000000000000000000000000000000004C
:10942000000000000000000000000000000000003C
:10943000000000000000000000000000000000002C
:10944000000000000000000000000000000000001C
:10945000000000000000000000000000000000000C
:1094600000000000000000000000000000000000FC
:1094700000000000000000000000000000000000EC
:1094800000000000000000000000000000000000DC
:1094900000000000000000000000000000000000CC
:1094A00000000000000000000000000000000000BC
:1094B00000000000000000000000000000000000AC
:1094C0000000000000000000000000C0C08080001C
:1094D000000000000000000000000000000000008C
:1094E000C0F0F0E0C08000000000000000000000BC
:1094F000000000000000000000000000000000006C
:10950000000000000000000000000000000000005B
:10951000000000000000000000000000000000004B
:10952000000000000000000000000000000000003B
:10953000000000000000000000000000000000002B
:10954000000000000000000080C0F0FFFFFFFFFFF0
:10955000FFFEFE7E3E7EFEFFFFFFFFFFFFFFFFFFE1
:109560003F3FFFFFFFFFFFFCF8F0E0C0800000007E
:1095700000000000000000000000000000000000EB
:1095800000000000000000000000000000000000DB
:1095900000000000000000000000000000000000CB
:1095A00000000000000000000000000000000000BB
:1095B00000000000000000000000000000000000AB
:1095C0000000000060303CFEFFFFFFFFFFFFFFFFD9
:1095D000FF7F3F9C80C0E7F773733BB383CFFFFFF0
:1095E000F0C0E07F3F9F9FDF9F1F3F7FFFC60000CF
:1095F000000000000000000000000000000000006B
:10960000000000000000000000000000000000005A
:10961000000000000000000000000000000000004A
:10962000000000000000000000000000000000003A
:10963000000000000000000000000000000000002A
:109640000000000000020701010F0F0707073FF3AA
:10965000F1FCFEFF3F8FC3F1FCFEFFFFFFFFFFFFAA
:10966000FFFFF3F0FEFFFFFF01000200000100001A
:1096700000000000000000000000000000000000EA
:1096800000000000000000000000000000000000DA
:1096900000000000000000000000000000000000CA
:1096A00000000000000000000000000000000000BA
:1096B00000000000000000000000000000000000AA
:1096C000000000000000000000000000000000FF9B
:1096D000FFFFFFFFFFFFFFFFFFFFFFFFFFFFFFFF9A
:1096E000FFFFFFFFFFFFFFFF000000000000000082
:1096F000000000000000000000000000000000006A
:109700000000000000000000000000000000000059
:109710000000000000000000000000000000000049
:109720000000000000000000000000000000000039
:109730000000000000000000000000000000000029
:1097400000000000000000A0E0E0E0E06070000128
:109750003F7F7F7F3F1F1F1F1F1F1F1F1F1F1F3F99
:109760003F3F3F7F7FFFFFFF000000000000000041
:1097700000000000000000000000000000000000E9
:1097800000000000000000000000000000000000D9
:1097900000000000000000000000000000000000C9
:1097A00000000000000000000000000000000000B9
:1097B00000000000000000000000000000000000A9
:1097C0000000000000000001000000000000000098
:1097D0000000000000000000000000000000000089
:1097E0000000000000000101000000000000000077
:1097F0000000000000000000000000000000000069
:109800000000000000000000000000000000000058
:109810000000000000000000000000000000000048
:109820000000000000000000000000000000000038
:109830000000000000000000000000000000000028
:109840000000000000000000000000000000000018
:109850000000000000000000000000000000000008
:1098600000000000000000000000000000000000F8
:1098700000000000000000000000000000000000E8
:1098800000000000000000000000000000000000D8
:1098900000000000000000000000000000000000C8
:1098A00000000000000000000000000000000000B8
:1098B00000000000000000000000000000000000A8
:1098C0000000000000000000000000F0F0F0E0E008
:1098D000C080808080808080808080808080808048
:1098E00080E0F0F0F0C08000000000000000000008
:1098F0000000000000000000000000000000000068
:109900000000000000000000000000000000000057
:109910000000000000000000000000000000000047
:109920000000000000000000000000000000000037
:109930000000000000000000000000000000000027
:109940000000000000000080E0F0F8FFFFFFFFFFD4
:10995000FFFFFF3F3FFFFFFFFFFFFFFFFFFFFFFF97
:109960001F3FFFFFFFFFFFFEF8F0E0800000000058
:1099700000000000000000000000000000000000E7
:1099800000000000000000000000000000000000D7
:1099900000000000000000000000000000000000C7
:1099A00000000000000000000000000000000000B7
:1099B00000000000000000000000000000000000A7
:1099C000000000181CCEFFFFFFFFFFFFFFFFFFFF9F
:1099D000FF7F3F80C0C7E7E7F773733387CFFFFF91
:1099E000E0E0FF7F1F9FCFCFCF1F3F7FFFCE0C0058
:1099F0000000000000000000000000000000000067
:109A00000000000000000000000000000000000056
:109A10000000000000000000000000000000000046
:109A20000000000000000000000000000000000036
:109A30000000000000000000000000000000000026
:109A400000000000000000000303030303FFF7F120
:109A5000FCFEFF3F1FC7E3F9FCFEFEFFFFFFFFFF19
:109A6000FFFFF3F0FEFFFF1F0100060000010000F2
:109A700000000000000000000000000000000000E6
:109A800000000000000000000000000000000000D6
:109A900000000000000000000000000000000000C6
:109AA00000000000000000000000000000000000B6
:109AB00000000000000000000000000000000000A6
:109AC000000000000000000000000000003FFFFF59
:109AD000FFFFFFFFFFFFFFFFFFFFFFFFFFFFFFFF96
:109AE000FFFFFFFFFFFFFFF8000000000000000085
:109AF0000000000000000000000000000000000066
:109B00000000000000000000000000000000000055
:109B10000000000000000000000000000000000045
:109B20000000000000000000000000000000000035
:109B30000000000000000000000000000000000025
:109B4000000000000000000000000000000001070D
:109B50000F3F7F7FFFFF7F3F3F3F3F3F3F3F3F3F05
:109B60003F7F7FFFFFFFFF1F00000000000000009D
:109B700000000000000000000000000000000000E5
:109B800000000000000000000000000000000000D5
:109B900000000000000000000000000000000000C5
:109BA00000000000000000000000000000000000B5
:109BB00000000000000000000000000000000000A5
:109BC0000000000000000000000000000000000095
:109BD0000000000000000000000000000000000085
:109BE0000000000000010000000000000000000074
:109BF0000000000000000000000000000000000065
:109C00000000000000000000000000000000000054
:109C10000000000000000000000000000000000044
:109C20000000000000000000000000000000000034
:109C30000000000000000000000000000000000024
:109C40000000000000000000000000000000000014
:109C50000000000000000000000000000000000004
:109C60000000000000000000000000000000008074
:109C7000E0F0F0E000000000000000000000000044
:109C8000008080C0C0C00000000000000000000094
:109C900000000000000000000000000000000000C4
:109CA000000000000000000080C0E0F0F8FCFFFFB2
:109CB000FFFF1F1FFFFFFFFFFFFFFFFF3F1FFEFF15
:109CC000FFFFFFFFFFFBE0C00000000000000000FE
:109CD0000000000000000000000000000000000084
:109CE0000000000000000011390F5F7F7F1FCFE7E9
:109CF000F3F8783C9CCCECE1FBFF7F3FB0B0BF3F7A
:109D0000FFFFFFFFFFFFFF7FFFCE08000000000006
:109D10000000000000000000000000000000000043
:109D2000000000000000000000000000F8FFFFFF3E
:109D3000F3F1FCFFFFFFFFFFFFFFF8F3E7CDCDFCE2
:109D4000FD7D07010101010000000000000000008E
:109D50000000000000000000000000000000000003
:109D6000000000000000000000000000C3FFFFFF33
:109D7000FFFFFFFFFFFFFFFFFFFFFFFFFFFFFFFFF3
:109D8000FFF0C00000C0C0C0C0F0C0C04000000074
:109D900000000000000000000000000000000000C3
:109DA00000000000000000000000000703030101A4
:109DB0000101000000010101010101010101010196
:109DC0000303030702000000000000000000000081
:109DD0000000000000000000000000000000000083
:109DE0000000000000000000000000000000000073
:109DF0000000000000000000000000000000000063
:109E00000000000000000000000000000000000052
:109E10000000000000000000000000000000000042
:109E20000000000000000000000000000000000032
:109E30000000000000000000000000000000000022
:109E40000000000000000000000000000000000012
:109E50000000000000000000000000000000000002
:109E60000000000000000000000000000000008072
:109E7000E0F0F0E000000000000000000000000042
:109E8000008080C0C0C00000000000000000000092
:109E900000000000000000000000000000000000C2
:109EA000000000000000000080C0E0F0F8FCFFFFB0
:109EB000FFFF1F1FFFFFFFFFFFFFFFFF3F1FFEFF13
:109EC000FFFFFFFFFFFBE0C00000000000000000FC
:109ED0000000000000000000000000000000000082
:109EE0000000000000000011390F5F7F7F1FCFE7E7
:109EF000F3F8783C9CCCEC613B9F9F9FB0307FFF98
:109F0000FFFFFFFFFFFFFF7FFFCE08000000000004
:109F10000000000000000000000000000000000041
:109F2000000000000000000000000000F8FFFFFF3C
:109F3000F3F1FCFFFFFFFFFFFEFDF1F7E7CECEDC04
:109F4000FD7D07010101010000000000000000008C
:109F50000000000000000000000000000000000001
:109F6000000000000000000000000000C3FFFFFF31
:109F7000FFFFFFFFFFFFFFFFFFFFFFFFFFFFFFFFF1
:109F8000FFF0C00000C0C0C0C0C0C0C0A000000042
:109F900000000000000000000000000000000000C1
:109FA00000000000000000000000000703030101A2
:109FB0000101000000010101010101010101010194
:109FC0000303030702000001010101010100000079
:109FD0000000000000000000000000000000000081
:109FE0000000000000000000000000000000000071
:109FF0000000000000000000000000000000000061
:10A000000000000000000000000000000000000050
:10A010000000000000000000000000000000000040
:10A020000000000000000000000000000000000030
:10A030000000000000000000000000000000000020
:10A040000000000000000000000000000000000010
:10A050000000000000000000000000000000000000
:10A060000000000000000000000000000000C0E050
:10A07000F0F0800000000000000000000000000080
:10A080008080C0C0C0000000000000000000000090
:10A0900000000000000000000000000000000000C0
:10A0A00000000000000080C0E0F0F0F8FCFFFFFFBF
:10A0B0003F0FDFFFFFFFFFFFFFFFFF3F1FFFFFFF20
:10A0C000FFFFFFFFFBE0C0000000000000000000F9
:10A0D0000000000000000000000000000000000080
:10A0E000000000000000311D0F7F7F7F1FCFE7F3CE
:10A0F000F8781CCCEEE4F1FFFF3FBF90903F3FFFAC
:10A10000FFFFFFFFFFFF7F7FCE0800000000000081
:10A11000000000000000000000000000000000003F
:10A120000000000000000000000000C0FFFFFFF37F
:10A13000F0FEFFFFFFFFFFFFFFF8F3E5EDCCFCFCB7
:10A140001F010101010100000000000000000000EB
:10A1500000000000000000000000000000000000FF
:10A160000000000000000000000000E7FFFFFFFF0C
:10A17000FFFFFFFFFFFFFFFFFFFFFFFFFFFFFFFFEF
:10A18000FCC00080808080808080C0400000000093
:10A1900000000000000000000000000000000000BF
:10A1A00000000000000000000000000703030101A0
:10A1B0000000000000000000000000010101010398
:10A1C000030300000101010103030302000000007A
:10A1D000000000000000000000000000000000007F
:10A1E000000000000000000000000000000000006F
:10A1F000000000000000000000000000000000005F
:10A20000000000000000000000000000000000004E
:10A21000000000000000000000000000000000003E
:10A22000000000000000000000000000000000002E
:10A23000000000000000000000000000000000001E
:10A24000000000000000000000000000000000000E
:10A2500000000000000000000000000000000000FE
:10A2600000000000000000000000000000C0E0F05E
:10A27000F0800080800000000000000000000080EE
:10A28000C0C0C0C0000000000000000000000000CE
:10A2900000000000000000000000000000000000BE
:10A2A00000000000000080C0E0F0F8FCFFFFFFFFAE
:10A2B0001F1FFFFFFFFFFFFFFFFFFF1F1FFFFFFF2E
:10A2C000FFFFFFF9F0C000000000000000000000E8
:10A2D000000000000000000000000000000000007E
:10A2E000000000000011390F4F7F7F3F9FC7E3FB45
:10A2F000F83C9CCEE6301FDFCFDF93307CFFFFFFC2
:10A30000FFFFFFFFFF7F7FEE08000000000000005E
:10A31000000000000000000000000000000000003D
:10A320000000000000000000000000FEFFFFFFF33F
:10A33000F8FEFFFFFFFFFEFCF9F3E7E7EEFEFEFF8E
:10A34000030000000000000000000000000000000A
:10A3500000000000000000000000000000000000FD
:10A360000000000000000000000000FFFFFFFFFFF2
:10A37000FFFFFFFF7F7F7F7FFFFFFFFFFFFFFFFFED
:10A38000C00000808080808080000000000000000D
:10A3900000000000000000000000000000000000BD
:10A3A00000000000000000000000000303030101A2
:10A3B0000000000000000000000000000101010199
:10A3C000030000010103030303020000000000007A
:10A3D000000000000000000000000000000000007D
:10A3E000000000000000000000000000000000006D
:10A3F000000000000000000000000000000000005D
:10A40000000000000000000000000000000000004C
:10A41000000000000000000000000000000000003C
:10A42000000000000000000000000000000000002C
:10A43000000000000000000000000000000000001C
:10A44000000000000000000000000000000000000C
:10A4500000000000000000000000000000000000FC
:10A46000000000000000000000000080C0E0F0F0EC
:10A47000808080808080800000000000008080C09C
:10A48000C0C000000000000000000000000000004C
:10A4900000000000000000000000000000000000BC
:10A4A0000000000000C0E0F0F8FCFEFFFFFFFF1F0F
:10A4B0000FFFFFFFFFFFFFFFFFFF1F1FFFFFFFFF5C
:10A4C000FFFFF8F0E0800000000000000000000046
:10A4D000000000000000000000000000000000007C
:10A4E0000000000031391F5F7F7F3F9FC7E3F0F816
:10A4F0003C9CCEE6F0F9FF3F9FD8D09F3FFFFFFF87
:10A50000FFFFFFFFFF3F674C00000000000000005E
:10A51000000000000000000000000000000000003B
:10A5200000000000000000000000FEFFFFFFF3F845
:10A53000FEFFFFFFFFFFFFF8F3F7E4EEFEFEFE1F56
:10A54000000000000000000000000000000000000B
:10A5500000000000000000000000000000000000FB
:10A5600000000000000000000000FFFFFFFFFFFFF1
:10A57000FF7F7F7F7F7F7F7F7F7FFFFFFFFF7F00EA
:10A58000808080808080800000000000000000004B
:10A5900000000000000000000000000000000000BB
:10A5A00000000000000000000000030303010000A1
:10A5B0000000000000000000000000000101000099
:10A5C000010101030303030200000000000000007A
:10A5D000000000000000000000000000000000007B
:10A5E000000000000000000000000000000000006B
:10A5F000000000000000000000000000000000005B
:10A60000000000000000000000000000000000004A
:10A61000000000000000000000000000000000003A
:10A62000000000000000000000000000000000002A
:10A63000000000000000000000000000000000001A
:10A64000000000000000000000000000000000000A
:10A6500000000000000000000000000000000000FA
:10A66000000000000000000000000080C0E0F0E0FA
:10A670008080800000000000000000000080C0C05A
:10A68000C0C000000000000000000000000000004A
:10A6900000000000000000000000000000000000BA
:10A6A0000000000080C0E0F0F8FCFEFFFFFF1F0F7D
:10A6B000FFFFFFFFFFFFFFFFFF1F1FFFFFFFFFFF6A
:10A6C000FFFFF8E0C00000000000000000000000F4
:10A6D000000000000000000000000000000000007A
:10A6E00000000001391D0F7F7F7F3F8FC7F3F8788F
:10A6F0001DCCECE0115FDFDFDF90387FFFFFFFFF55
:10A70000FFFFFFFF3F7FC6080000000000000000C1
:10A710000000000000000000000000000000000039
:10A7200000000000000000000000FEFFFFFFE1F855
:10A73000FFFFFFFFFFFEF8FBF3E7EFEEFEFEFF007B
:10A740000000000000000000000000000000000009
:10A7500000000000000000000000000000000000F9
:10A7600000000000000000000000FFFFFFFFFFFFEF
:10A77000FF7F7F7F7F7F7F7F7FFFFFFFFF3F01C0E6
:10A78000C080808080800000000000000000000089
:10A7900000000000000000000000000000000000B9
:10A7A000000000000000000000000303030100009F
:10A7B0000000000000000000000001010000000097
:10A7C000010103030302000000000000000000007C
:10A7D0000000000000000000000000000000000079
:10A7E0000000000000000000000000000000000069
:10A7F0000000000000000000000000000000000059
:10A800000000000000000000000000000000000048
:10A810000000000000000000000000000000000038
:10A820000000000000000000000000000000000028
:10A830000000000000000000000000000000000018
:10A840000000000000000000000000000000000008
:10A8500000000000000000000000000000000000F8
:10A86000000000000000000000000080C0E0C00008
:10A870000000000000000000000000008080C0C058
:10A88000C000000000000000000000000000000008
:10A8900000000000000000000000000000000000B8
:10A8A0000000000080C0E0F0F8FCFEFFFF3F1FBF8B
:10A8B000FFFFFFFFFFFFFFFF3F1FFEFFFFFFFFFF49
:10A8C000FFF0E0C0000000000000000000000000F9
:10A8D0000000000000000000000000000000000078
:10A8E00000000023731F1FFFFFFF3F9FCFE0F079A1
:10A8F0001DDDCDE1FFFF3FBFB0B03F7FFFFFFFFF9A
:10A90000FFFFFFFF3FE60C0000000000000000001A
:10A910000000000000000000000000000000000037
:10A92000000000000000000000F8FEFFFFEFE1F86B
:10A93000FFFFFFFFFFFFF0E7EDCDCCFCFCFFFF00CA
:10A940000000000000000000000000000000000007
:10A9500000000000000000000000000000000000F7
:10A9600000000000000000000007FFFFFFFFFFFFE6
:10A97000FF7F7F7F7F7FFFFFFFFFFF7F3F8FC1C094
:10A9800080800000000000000000000000000000C7
:10A9900000000000000000000000000000000000B7
:10A9A000000000000000000000000303010101009E
:10A9B000000000000000000103010100000001018F
:10A9C0000103020000000000000000000000000081
:10A9D0000000000000000000000000000000000077
:10A9E0000000000000000000000000000000000067
:10A9F0000000000000000000000000000000000057
:10AA00000000000000000000000000000000000046
:10AA10000000000000000000000000000000000036
:10AA20000000000000000000000000000000000026
:10AA30000000000000000000000000000000000016
:10AA40000000000000000000000000000000000006
:10AA500000000000000000000000000000000000F6
:10AA6000000000000000000000000080C080000026
:10AA700000000000000000000000000000008080D6
:10AA800000000000000000000000000000000000C6
:10AA900000000000000000000000000000000000B6
:10AAA000000000000080C0E0F0FCFFFFFF3F3CFC26
:10AAB000FCFCFCFCFCFCFCFC3C7CFCFEFFFFFFFF08
:10AAC000F1E0C000000000000000000000000000F5
:10AAD0000000000000000000000000000000000076
:10AAE000000000E6773FFFFFFF7F3F8FC7E0F07B6E
:10AAF0001999C9633FBFBFB7207CFFFFFFFFFFFF6E
:10AB0000FFFFFF7FEECC0800000000000000000007
:10AB10000000000000000000000000000000000035
:10AB2000000000000000010101FCFFFFFFC7F1FC75
:10AB3000FFFFFFFEFCF9F3E7CFDE9CFDFDFFFD010B
:10AB40000101010000000000000000000000000002
:10AB500000000000000000000000000000000000F5
:10AB60000000000000000000003FFFFFFFFFFFFFAC
:10AB7000FFFFFFFFFFFFFFFFFFFFFF7F3F8FC04093
:10AB80004000000000000000000000000000000085
:10AB900000000000000000000000000000000000B5
:10ABA0000000000000000000000003030301010199
:10ABB000010101010101070703010000000101017A
:10ABC0000000000000000000000000000000000085
:10ABD0000000000000000000000000000000000075
:10ABE0000000000000000000000000000000000065
:10ABF0000000000000000000000000000000000055
:10AC00000000000000000000000000000000000044
:10AC10000000000000000000000000000000000034
:10AC20000000000000000000000000000000000024
:10AC30000000000000000000000000000000000014
:10AC40000000000000000000000000000000000004
:10AC500000000000000000000000000000000000F4
:10AC6000000000000000000000000080C080000024
:10AC700000000000000000000000000000008080D4
:10AC800000000000000000000000000000000000C4
:10AC900000000000000000000000000000000000B4
:10ACA000000000000080C0E0F0FCFFFFFF3F3CFC24
:10ACB000FCFCFCFCFCFCFCFC3C7CFCFEFFFFFFFF06
:10ACC000F1E0C000000000000000000000000000F3
:10ACD0000000000000000000000000000000000074
:10ACE000000000E6773FFFFFFF7F3F9FCFE0F07B54
:10ACF0001999C3E7FFFF7F37A0BC3F7FFFFFFFFF2E
:10AD0000FFFFFF7FEECC0800000000000000000005
:10AD10000000000000000000000000000000000033
:10AD2000000000000000010101F8FEFFFFC7F1FC78
:10AD3000FFFFFFFFFFFFF0E7CBD9DCFCFDFFFD01CC
:10AD40000101010000000000000000000000000000
:10AD500000000000000000000000000000000000F3
:10AD60000000000000000000003FFFFFFFFFFFFFAA
:10AD7000FFFFFFFFFFFFFFFFFFFFFF7F3F8FC04091
:10AD80004000000000000000000000000000000083
:10AD900000000000000000000000000000000000B3
:10ADA0000000000000000000000003030301010197
:10ADB0000101010101010707030100000001010178
:10ADC0000000000000000000000000000000000083
:10ADD0000000000000000000000000000000000073
:10ADE0000000000000000000000000000000000063
:10ADF0000000000000000000000000000000000053
:10AE00000000000000000000000000000000000042
:10AE10000000000000000000000000000000000032
:10AE20000000000000000000000000000000000022
:10AE30000000000000000000000000000000000012
:10AE40000000000000000000000000000000000002
:10AE500000000000000000000000000000000000F2
:10AE6000000000000000000000000080C0C00000E2
:10AE7000000000000000000000000000008080C012
:10AE80008000000000000000000000000000000042
:10AE900000000000000000000000000000000000B2
:10AEA000000000000080C0F0F8FCFFFFFF3F3EFE06
:10AEB000FEFEFEFEFEFEFEFE3E3EFEFFFFFFFFFF2D
:10AEC000F9E0C08000000000000000000000000069
:10AED0000000000000000000000000000000000072
:10AEE00000000066773FFFFFFF7F1F8FC7F0F879F4
:10AEF0001DCDCD2113DF9F9F3070FFFFFFFFFFFFB0
:10AF0000FFFFFF3F7FCC08000000000000000000B2
:10AF10000000000000000000000000000000000031
:10AF2000000000000000000000F8FEFFFFE7E1FC69
:10AF3000FFFFFFFEFCF9F3E7E7CEDCDCFDFFFF00DF
:10AF40000000000000000000000000000000000001
:10AF500000000000000000000000000000000000F1
:10AF60000000000000000000007FFFFFFFFFFFFF68
:10AF7000FFFFFFFFFFFFFFFFFFFFFF7F3F0F01000E
:10AF800000000000000000000000000000000000C1
:10AF900000000000000000000000000000000000B1
:10AFA0000000000000000000000003030301010195
:10AFB0000101010101010707030100000100000078
:10AFC0000000000000000000000000000000000081
:10AFD0000000000000000000000000000000000071
:10AFE0000000000000000000000000000000000061
:10AFF0000000000000000000000000000000000051
:10B000000000000000000000000000000000000040
:10B010000000000000000000000000000000000030
:10B020000000000000000000000000000000000020
:10B030000000000000000000000000000000000010
:10B040000000000000000000000000000000000000
:10B0500000000000000000000000000000000000F0
:10B060000000000000000000000000C0E0E08000E0
:10B0700000000000000000000000000080C0C0C010
:10B08000C000000000000000000000000000000000
:10B0900000000000000000000000000000000000B0
:10B0A000000000000080C0E0F8FCFFFFFFFF1F1F52
:10B0B000FFFFFFFFFFFFFFFF3F1FFFFFFFFFFFFF40
:10B0C000FFF0E0C080000000000000000000000071
:10B0D0000000000000000000000000000000000070
:10B0E00000000006733FBFFFFFFF7F1FCFE7F0F8B0
:10B0F0003D9CCCE5F1FF7F3F90909F3FFFFFFFFF1E
:10B10000FF7F7F3F3F260C00000000000000000092
:10B11000000000000000000000000000000000002F
:10B12000000000000000000000C0FCFFFFFFE7F08F
:10B13000FEFFFFFFFFFFF8F3E7EDCCCEFCFEFF00C4
:10B1400000000000000000000000000000000000FF
:10B1500000000000000000000000000000000000EF
:10B16000000000000000000000FFFFFFFFFFFFFFE6
:10B17000FFFFFFFFFFFFFFFFFFFFFFFF3F1F03007A
:10B1800000000000000000000000000000000000BF
:10B1900000000000000000000000000000000000AF
:10B1A0000000000000000000000003030301010094
:10B1B0000000000000000001030101000000000089
:10B1C000000000000000000000000000000000007F
:10B1D000000000000000000000000000000000006F
:10B1E000000000000000000000000000000000005F
:10B1F000000000000000000000000000000000004F
:10B20000000000000000000000000000000000003E
:10B21000000000000000000000000000000000002E
:10B22000000000000000000000000000000000001E
:10B23000000000000000000000000000000000000E
:10B2400000000000000000000000000000000000FE
:10B2500000000000000000000000000000000000EE
:10B260000000000000000000000080C0E0E080005E
:10B27000000000808080808080808080C0E0E0F0DE
:10B28000F0000000000000000000000000000000CE
:10B2900000000000000000000000000000000000AE
:10B2A000000000000080C0F0F8FCFFFFFFFF3F1F20
:10B2B000FFFFFFFFFFFFFFFFFF1F1FFFFFFFFFFF5E
:10B2C000FFFCF8F0C080000000000000000000005B
:10B2D000000000000000000000000000000000006E
:10B2E00000000006637F3FFFFFFFFF3F0FC7F0F83E
:10B2F000FC3C8EE6B4016FEFCFD8903F7FFFFFFF9D
:10B300007F7F7F7F1F1B33020000000000000000D2
:10B31000000000000000000000000000000000002D
:10B3200000000000000000000000FDFEFFFFFFF72E
:10B33000F0FEFFFFFFFFFEF8FBF3E7E7EEFEFFFF87
:10B3400000000000000000000000000000000000FD
:10B3500000000000000000000000000000000000ED
:10B3600000000000000000000000FFFFFFFFFFFFE3
:10B37000FF7F7F7F7F7F7F7F7FFFFFFFFF3F070094
:10B3800000000000000000000000000000000000BD
:10B3900000000000000000000000000000000000AD
:10B3A0000000000000000000000003030301000093
:10B3B000000000000000000000000101000000008B
:10B3C000000000000000000000000000000000007D
:10B3D000000000000000000000000000000000006D
:10B3E000000000000000000000000000000000005D
:10B3F000000000000000000000000000000000004D
:10B40000000000000000000000000000000000003C
:10B41000000000000000000000000000000000002C
:10B42000000000000000000000000000000000001C
:10B43000000000000000000000000000000000000C
:10B4400000000000000000000000000000000000FC
:10B4500000000000000000000000000000000000EC
:10B4600000000000000000000000C0E0E0C080001C
:10B47000000000000080808080808080E0E0F0E0BC
:10B4800000000000000000000000000000000000BC
:10B4900000000000000000000000000000000000AC
:10B4A000000000000000C0E0F0FFFFFFFFFFFF3FD3
:10B4B0001FFFFFFFFFFFFFFFFFFF1F1FFFFFFFFF3C
:10B4C000FFFCF8F0E0C000000000000000000000F9
:10B4D000000000000000000000000000000000006C
:10B4E0000000000046F73FFFFFFFFFFF7F1FCFE098
:10B4F000F0F93D9CCEE6F03F1FCFC0481F3FFFFF55
:10B500007F7F7F7F1F1F31020000000000000000CE
:10B51000000000000000000000000000000000002B
:10B520000000000000000001010001FFFCFFFFFF20
:10B53000F3F8FEFFFFFFFFFEF8F3F6E6E7E7FFFF95
:10B540000C000000000000000000000000000000EF
:10B5500000000000000000000000000000000000EB
:10B5600000000000000070E0F000E0FFFFFFFFFFC0
:10B57000FFFFFF7F7F7F7F7F7F7FFFFFFFFFFF0753
:10B5800000000000000000000000000000000000BB
:10B5900000000000000000000000000000000000AB
:10B5A000000000000000000000000303030101018F
:10B5B0000000000000000000000000000101010088
:10B5C000000000000000000000000000000000007B
:10B5D000000000000000000000000000000000006B
:10B5E000000000000000000000000000000000005B
:10B5F000000000000000000000000000000000004B
:10B60000000000000000000000000000000000003A
:10B61000000000000000000000000000000000002A
:10B62000000000000000000000000000000000001A
:10B63000000000000000000000000000000000000A
:10B6400000000000000000000000000000000000FA
:10B6500000000000000000000000000000000000EA
:10B6600000000000000000000000E0C0C0800000FA
:10B670000000000000000000000000C0E0F0E080DA
:10B6800000000000000000000000000000000000BA
:10B6900000000000000000000000000000000000AA
:10B6A00000000000000080C0F0FFFFFFFFFFFFFF71
:10B6B0003F3FFFFFFFFFFFFFFFFFDF1F1FFFFFFFFA
:10B6C000FFFCF8F0E0C08000000000000000000077
:10B6D000000000000000000000000000000000006A
:10B6E000000000000CEE3F7FFFFFFFFF7F3F8FC792
:10B6F000F0F0793D9DCCECE1B31FDFD0D89F3F7FC8
:10B70000FF7F7F7F1F1F310200000000000000004C
:10B710000000000000000000000000000000000029
:10B72000000000000000000101010103FEFEFFFF18
:10B73000F7F1FCFFFFFFFFFFFFFEF8F1E7E7E7FF90
:10B74000FE000000000000000000000000000000FB
:10B7500000000000000000000000000000000000E9
:10B7600000000060C0F0C0C0C00000F8FFFFFFFF95
:10B77000FFFFFFFFFFFFFFFFFF7FFFFFFFFFFFFF59
:10B780001F0000000000000000000000000000009A
:10B7900000000000000000000000000000000000A9
:10B7A0000000000000010101000003030303010188
:10B7B0000100000000000000000000000000010186
:10B7C0000100000000000000000000000000000078
:10B7D0000000000000000000000000000000000069
:10B7E0000000000000000000000000000000000059
:10B7F0000000000000000000000000000000000049
:10B800000000000000000000000000000000000038
:10B810000000000000000000000000000000000028
:10B820000000000000000000000000000000000018
:10B830000000000000000000000000000000000008
:10B8400000000000000000000000000000000000F8
:10B8500000000000000000000000000000000000E8
:10B86000000000000000000000C0C0C08080000098
:10B870000000000000000000000000E0F0F0E080A8
:10B8800000000000000000000000000000000000B8
:10B8900000000000000000000000000000000000A8
:10B8A00000000000000080C0F0FFFFFFFFFFFFFF6F
:10B8B0003F3FFFFFFFFFFFFFFFFFFF1F1FFFFFFFD8
:10B8C000FEFCF8F0E0C08000000000000000000076
:10B8D0000000000000000000000000000000000068
:10B8E0000000000018CE7FFFFFFFFFFFFF7F1FCF8C
:10B8F000E6F0F0793D9DCDEDE1FFFFFC18CF6F6FD5
:10B900000F1F7F7F5F1F3911000000000000000043
:10B910000000000000000000000000000000000027
:10B920000000000000000000010101010FFEFFFF08
:10B93000FFF3F1FCFFFFFFFFFFFFFFFFFCF9FFFE3E
:10B94000FFFEF0000000000000000000000000000A
:10B9500000000000000000000000000000000000E7
:10B960000020A0C0C0C0C0C0C0400080C0F0FFFF29
:10B97000FFFFFFFFFFFFFFFFFFFFFFFFFFFFFFFFD7
:10B98000FFFFC300000000000000000000000000F6
:10B9900000000000000000000000000000000000A7
:10B9A000000101010101010100000207030303017D
:10B9B000010101010101010101000000000101017B
:10B9C0000103030700000000000000000000000069
:10B9D0000000000000000000000000000000000067
:10B9E0000000000000000000000000000000000057
:10B9F0000000000000000000000000000000000047
:10BA00000000000000000000000000000000000036
:10BA10000000000000000000000000000000000026
:10BA20000000000000000000000000000000000016
:10BA30000000000000000000000000000000000006
:10BA400000000000000000000000000000000000F6
:10BA500000000000000000000000000000000000E6
:10BA6000000000000000000000C0C0C08080000096
:10BA70000000000000000000000000E0F0F0E080A6
:10BA800000000000000000000000000000000000B6
:10BA900000000000000000000000000000000000A6
:10BAA00000000000000080C0F0FFFFFFFFFFFFFF6D
:10BAB0003F3FFFFFFFFFFFFFFFFFFF1F1FFFFFFFD6
:10BAC000FEFCF8F0E0C08000000000000000000074
:10BAD0000000000000000000000000000000000066
:10BAE0000000000018CE7FFFFFFFFFFFFF7F3F8FAA
:10BAF000CEE0F0FB399DCDCCEDE1FF9C086FEFEF80
:10BB0000CF1F3F7F5F1F39110000000000000000C1
:10BB10000000000000000000000000000000000025
:10BB20000000000000000000010101010FFEFEFF07
:10BB3000FFF7F1FCFEFFFFFFFFFFFFFFFFFCFFFF32
:10BB4000FFFFF00000000000000000000000000007
:10BB500000000000000000000000000000000000E5
:10BB60000020A0C0C0C0C0C0C0400080C0F0FFFF27
:10BB7000FFFFFFFFFFFFFFFFFFFFFFFFFFFFFFFFD5
:10BB8000FFFFC300000000000000000000000000F4
:10BB900000000000000000000000000000000000A5
:10BBA000000101010101010100000207030303017B
:10BBB0000101010101010101010000000001010179
:10BBC0000103030700000000000000000000000067
:10BBD0000000000000000000000000000000000065
:10BBE0000000000000000000000000000000000055
:10BBF0000000000000000000000000000000000045
:10BC00000000000000000000000000000000000034
:10BC10000000000000000000000000000000000024
:10BC20000000000000000000000000000000000014
:10BC30000000000000000000000000000000000004
:10BC400000000000000000000000000000000000F4
:10BC500000000000000000000000000000000000E4
:10BC600000000000000000000000C0C0C080800094
:10BC7000000000000000000000000000E0F0F0C044
:10BC80008000000000000000000000000000000034
:10BC900000000000000000000000000000000000A4
:10BCA0000000000000000080C0F0FFFFFFFFFFFF6A
:10BCB000FF3F1FFFFFFFFFFFFFFFFFFF1F1FFFFFF4
:10BCC000FFFEFCF8F0E0C080000000000000000073
:10BCD0000000000000000000000000000000000064
:10BCE00000000000000CCE7FFFFFFFFFFFFF7F1F63
:10BCF000CFE6F0F0793D9DCCEDE1FBFFFCF83F8F06
:10BD0000E7F7F737474F1F39310000000000000008
:10BD10000000000000000000000000000000000023
:10BD20000000000000000100010101010103FEFF0D
:10BD3000FFFFF3F9FCFFFFFFFFFFFFFFFFFDFCFF2D
:10BD4000FFFFFF00000000000000000000000000F6
:10BD500000000000000000000000000000000000E3
:10BD600000000040C08080808080800000E0FFFFF5
:10BD7000FFFFFFFFFFFFFFFFFFFFFFFFFFFFFFFFD3
:10BD8000FFFFFFC0000000000000000000000000F6
:10BD900000000000000000000000000000000000A3
:10BDA000000000000303030101010100000303017F
:10BDB000010101010000000000000000000001017D
:10BDC0000103031700000000000000000000000055
:10BDD0000000000000000000000000000000000063
:10BDE0000000000000000000000000000000000053
:10BDF0000000000000000000000000000000000043
:10BE00000000000000000000000000000000000032
:10BE10000000000000000000000000000000000022
:10BE20000000000000000000000000000000000012
:10BE30000000000000000000000000000000000002
:10BE400000000000000000000000000000000000F2
:10BE500000000000000000000000000000000000E2
:10BE60000000000000000000000000C0C0C0800012
:10BE70000000000000000000000080800080F0F062
:10BE8000E0C0000000000000000000000000000012
:10BE900000000000000000000000000000000000A2
:10BEA000000000000000000080E0F8FFFFFFFFFF3F
:10BEB000FFFF1F1FFFFFFFFFFFFFFFFFFF0F1FFF22
:10BEC000FFFFFFFCF8F0E0C0800000000000000071
:10BED0000000000000000000000000000000000062
:10BEE0000000000000000CEF7F7FFFFFFFFFFF3F1F
:10BEF0008FC7E0F0F83D9CCEEEE4F1FFFFC0107379
:10BF0000F7F7E70F3F7F6F0F3931000000000000A7
:10BF10000000000000000000000000000000000021
:10BF2000000000000000000000000000000000FE13
:10BF3000FFFFFFF1FCFEFFFFFFFFFFFFFFFFFCFC29
:10BF4000FFFFFFFF000000000000000000000000F5
:10BF500000000000000000000000000000000000E1
:10BF6000000000000000808080808080800080FFD2
:10BF7000FFFFFFFFFFFFFF7F7F7F7FFFFFFFFFFFD1
:10BF8000FFFFFFFF000000000000000000000000B5
:10BF900000000000000000000000000000000000A1
:10BFA000000000000000020303030301000003017E
:10BFB000010101000000000000000000000000017D
:10BFC0000101030303000000000000000000000066
:10BFD0000000000000000000000000000000000061
:10BFE0000000000000000000000000000000000051
:10BFF0000000000000000000000000000000000041
:10C000000000000000000000000000000000000030
:10C010000000000000000000000000000000000020
:10C020000000000000000000000000000000000010
:10C030000000000000000000000000000000000000
:10C0400000000000000000000000000000000000F0
:10C0500000000000000000000000000000000000E0
:10C06000000000000000000000000000C0C0C08010
:10C07000800000000000000080808080808080F0D0
:10C08000F0E0C080000000000000000000000000A0
:10C0900000000000000000000000000000000000A0
:10C0A000000000000000000000C0E0F0FFFFFFFF04
:10C0B000FFFFFFBF1F3FFFFFFFFFFFFFFFFF0F1F40
:10C0C000FFFFFFFFFEFCF8F0E0C0000000000000F2
:10C0D0000000000000000000000000000000000060
:10C0E0000000000000000846EF3FFFFFFFFFFFFFDA
:10C0F0003F9FCFE7F0F83D9CCEE6E6F0FFFFFEF86D
:10C100007E0FE7F3F333474F1F39110000000000A3
:10C11000000000000000000000000000000000001F
:10C120000000000000000000000000000000001FF0
:10C13000FEFFFFFFF3F8FEFFFFFFFFFFFFFFFFFF24
:10C14000FFFFFFFFFF0000000000000000000000F4
:10C1500000000000000000000000000000000000DF
:10C160000000000000000000008080808080C0008F
:10C170007FFFFFFFFF7F7F7F7F7F7F7F7F7FFFFFCF
:10C18000FFFFFFFFFF0000000000000000000000B4
:10C19000000000000000000000000000000000009F
:10C1A0000000000000000000020203030301010080
:10C1B000000101000000000000000000000000007D
:10C1C0000001010303000000000000000000000067
:10C1D000000000000000000000000000000000005F
:10C1E000000000000000000000000000000000004F
:10C1F000000000000000000000000000000000003F
:10C20000000000000000000000000000000000002E
:10C21000000000000000000000000000000000001E
:10C22000000000000000000000000000000000000E
:10C2300000000000000000000000000000000000FE
:10C2400000000000000000000000000000000000EE
:10C2500000000000000000000000000000000000DE
:10C2600000000000000000000000000000C0C0C08E
:10C27000C08000000000000000000000808080E01E
:10C28000F0E0C0800000000000000000000000009E
:10C29000000000000000000000000000000000009E
:10C2A00000000000000000000000C0E0F8FFFFFFF9
:10C2B000FFFFFFFF1F1FFFFFFFFFFFFFFFFFFF0F3E
:10C2C0001FFFFFFFFFFCF8F0E0C08000000000004F
:10C2D000000000000000000000000000000000005E
:10C2E0000000000000000000467F3FFFFFFFFFFF4F
:10C2F000FF3F9FCFE0F0F93D9CCCEEE4F1FFFFC0A3
:10C300008033F3F3E70F3F7F0F1F39000000000079
:10C31000000000000000000000000000000000001D
:10C32000000000000000000000000000000000000D
:10C33000FFFEFFFFFFF3F8FEFFFFFFFFFFFFFFFF22
:10C34000FFFFFFFFFF0000000000000000000000F2
:10C3500000000000000000000000000000000000DD
:10C36000000000000000000000000080808080C00D
:10C37000813FFFFFFFFF7F7F7F7F7F7F7F7FFFFF0B
:10C38000FFFFFFFFFF0000000000000000000000B2
:10C39000000000000000000000000000000000009D
:10C3A0000000000000000000000000020203010184
:10C3B000000000010100000000000000000000007B
:10C3C0000001010303000000000000000000000065
:10C3D000000000000000000000000000000000005D
:10C3E000000000000000000000000000000000004D
:10C3F000000000000000000000000000000000003D
:10C40000000000000000000000000000000000002C
:10C41000000000000000000000000000000000001C
:10C42000000000000000000000000000000000000C
:10C4300000000000000000000000000000000000FC
:10C4400000000000000000000000000000000000EC
:10C4500000000000000000000000000000000000DC
:10C460000000000000000000000000000000C0C04C
:10C47000C08080000000000000000000000000807C
:10C48000C0E0E080000000000000000000000000AC
:10C49000000000000000000000000000000000009C
:10C4A0000000000000000000000000C0E0F0FFFFFE
:10C4B000FFFFFFFFFF1F3FFFFFFFFFFFFFFFFFBF6C
:10C4C0001F3FFFFFFFFCF8F0E0C08000000000000D
:10C4D000000000000000000000000000000000005C
:10C4E00000000000000000000C663F3FFFFFFFFF60
:10C4F000FFFF7F1FCFE0F0FB399DDDCDE1FFFFFFA8
:10C50000F0F83F0FE7F777270F1F7B0300000000CD
:10C51000000000000000000000000000000000001B
:10C52000000000000000000000000000000000000B
:10C53000FFFCFEFFFFEFE3F8FEFFFFFFFFFFFFFF43
:10C54000FFFFFEFFFFFF03000000000000000000EF
:10C5500000000000000000000000000000000000DB
:10C56000000000000000000000000000000040404B
:10C57000C18F3F7FFFFFFFFFFF7F7F7F7F7FFFFF39
:10C58000FFFFFFFFFF0F00000000000000000000A1
:10C59000000000000000000000000000000000009B
:10C5A0000000000000000000000000000000000388
:10C5B0000101000000010301000000000000000074
:10C5C0000001010303000000000000000000000063
:10C5D000000000000000000000000000000000005B
:10C5E000000000000000000000000000000000004B
:10C5F000000000000000000000000000000000003B
:10C60000000000000000000000000000000000002A
:10C61000000000000000000000000000000000001A
:10C62000000000000000000000000000000000000A
:10C6300000000000000000000000000000000000FA
:10C6400000000000000000000000000000000000EA
:10C6500000000000000000000000000000000000DA
:10C66000000000000000000000000000000000804A
:10C67000800000000000000000000000000000003A
:10C680000080C080000000000000000000000000EA
:10C69000000000000000000000000000000000009A
:10C6A00000000000000000000000000080E0F0FF3B
:10C6B000FFFFFFFEFCFC3C7CFCFCFCFCFCFCFCFCEF
:10C6C0003C3FFFFFFFFCF0E0C080000000000000E6
:10C6D000000000000000000000000000000000005A
:10C6E000000000000000000000CCEE7F7FFFFFFF95
:10C6F000FFFFFF7F1F8FC0E0F3733B9B9BC3E7FFF0
:10C70000F0004FEFEFCF9F3FFF3F7FE600000000BC
:10C710000000000000000000000000000000000019
:10C720000000000000000000000000000101010105
:10C730007DFFF8FEFFFFC7F3F8FEFFFFFFFFFFFFDF
:10C74000FFFFFCFCFFFF0F000101000000000000E4
:10C7500000000000000000000000000000000000D9
:10C7600000000000000000000000000000000000C9
:10C7700000071F7FFFFFFFFFFFFFFFFFFFFFFFFF20
:10C78000FFFFFFFFFF7F000000000000000000002F
:10C790000000000000000000000000000000000099
:10C7A0000000000000000000000000000000000089
:10C7B0000000000000010307070101010100010161
:10C7C0000101010303000000000000000000000060
:10C7D0000000000000000000000000000000000059
:10C7E0000000000000000000000000000000000049
:10C7F0000000000000000000000000000000000039
:10C800000000000000000000000000000000000028
:10C810000000000000000000000000000000000018
:10C820000000000000000000000000000000000008
:10C8300000000000000000000000000000000000F8
:10C8400000000000000000000000000000000000E8
:10C8500000000000000000000000000000000000D8
:10C860000000000000000000000000000000008048
:10C870008000000000000000000000000000000038
:10C880000080C080000000000000000000000000E8
:10C890000000000000000000000000000000000098
:10C8A00000000000000000000000000080E0F0FF39
:10C8B000FFFFFFFEFCFC3C7CFCFCFCFCFCFCFCFCED
:10C8C0003C3FFFFFFFFCF0E0C080000000000000E4
:10C8D0000000000000000000000000000000000058
:10C8E000000000000000000000CCEE7F7FFFFFFF93
:10C8F000FFFFFF7F3F9FC0E0F77333BB9BC3EFFF9A
:10C90000F0E0FF3F0FEFEFEF0F1F7FE600000000AA
:10C910000000000000000000000000000000000017
:10C920000000000000000000000000000101010103
:10C930007DFFFCFEFFFFC7F3F8FEFFFFFFFFFFFFD9
:10C94000FFFFFDFCFFFF0F000001000000000000E2
:10C9500000000000000000000000000000000000D7
:10C9600000000000000000000000000000000000C7
:10C9700000071F7FFFFFFFFFFFFFFFFFFFFFFFFF1E
:10C98000FFFFFFFFFF7F000000000000000000002D
:10C990000000000000000000000000000000000097
:10C9A0000000000000000000000000000000000087
:10C9B000000000000001030707010101010001015F
:10C9C000010101030300000000000000000000005E
:10C9D0000000000000000000000000000000000057
:10C9E0000000000000000000000000000000000047
:10C9F0000000000000000000000000000000000037
:10CA00000000000000000000000000000000000026
:10CA10000000000000000000000000000000000016
:10CA20000000000000000000000000000000000006
:10CA300000000000000000000000000000000000F6
:10CA400000000000000000000000000000000000E6
:10CA500000000000000000000000000000000000D6
:10CA6000000000000000000000000000000080C086
:10CA700080800000000000000000000000000000B6
:10CA800000C0C0C000000000000000000000000066
:10CA90000000000000000000000000000000000096
:10CAA000000000000000000000000080C0E0F9FF6E
:10CAB000FFFFFFFFFE7E3EFEFEFEFEFEFEFEFEFED2
:10CAC0003E3FFFFFFFFEF8F0E0C000000000000066
:10CAD0000000000000000000000000000000000056
:10CAE000000000000000000000CC6E3FFFFFFFFFD1
:10CAF000FFFF7F3F9FC8E0F3F33BBB9BDBC3EFFF30
:10CB0000F08067E7E7EF8F3FFF3F7F6200000000A4
:10CB10000000000000000000000000000000000015
:10CB20000000000000000000000000000000000005
:10CB3000FFFDFCFFFFFFE7F1FCFEFFFFFFFFFFFF34
:10CB4000FFFFFEFEFFFF07000000000000000000E6
:10CB500000000000000000000000000000000000D5
:10CB600000000000000000000000000000000000C5
:10CB7000010F1F7FFFFFFFFFFFFFFFFFFFFFFFFF13
:10CB8000FFFFFFFFFFFF00000000000000000000AB
:10CB90000000000000000000000000000000000095
:10CBA0000000000000000000000000000000000085
:10CBB000000000000001030707010101010001015D
:10CBC000010101030300000000000000000000005C
:10CBD0000000000000000000000000000000000055
:10CBE0000000000000000000000000000000000045
:10CBF0000000000000000000000000000000000035
:10CC00000000000000000000000000000000000024
:10CC10000000000000000000000000000000000014
:10CC20000000000000000000000000000000000004
:10CC300000000000000000000000000000000000F4
:10CC400000000000000000000000000000000000E4
:10CC500000000000000000000000000000000000D4
:10CC60000000000000000000000000000000C0C044
:10CC7000C0C08000000000000000000000000000B4
:10CC800000E0E0C0800000000000000000000000A4
:10CC90000000000000000000000000000000000094
:10CCA0000000000000000000000080C0E0F0FFFF76
:10CCB000FFFFFFFFFF1F1FFFFFFFFFFFFFFFFF1F24
:10CCC0001FFFFFFFFFFEF8F0C08000000000000023
:10CCD0000000000000000000000000000000000054
:10CCE000000000000000000004263F3F7F7FFFFFA0
:10CCF000FFFF3F9FCFE0F0F37B3999D9C3E7FFF8FF
:10CD0000F0FF1FCFE7E767078F3F770600000000BF
:10CD10000000000000000000000000000000000013
:10CD20000000000000000000000000000000000003
:10CD3000FFFCFEFFFFE7F1FCFEFFFFFFFFFFFFFF31
:10CD4000FFFEFEFFFFC70000000000000000000023
:10CD500000000000000000000000000000000000D3
:10CD600000000000000000000000000000000000C3
:10CD7000031F3FFFFFFFFFFFFFFFFFFFFFFFFFFF5F
:10CD8000FFFFFFFFFFFF00000000000000000000A9
:10CD90000000000000000000000000000000000093
:10CDA0000000000000000000000000000000000083
:10CDB000000000000101030100000000000000006D
:10CDC0000101030303000000000000000000000058
:10CDD0000000000000000000000000000000000053
:10CDE0000000000000000000000000000000000043
:10CDF0000000000000000000000000000000000033
:10CE00000000000000000000000000000000000022
:10CE10000000000000000000000000000000000012
:10CE20000000000000000000000000000000000002
:10CE300000000000000000000000000000000000F2
:10CE400000000000000000000000000000000000E2
:10CE500000000000000000000000000000000000D2
:10CE60000000000000000000000000000000F0F0E2
:10CE7000E0E0C080808080808080808000000000B2
:10CE800080E0E0C080000000000000000000000022
:10CE90000000000000000000000000000000000092
:10CEA00000000000000000000080C0E0F8FCFFFF70
:10CEB000FFFFFFFF1F1FFFFFFFFFFFFFFFFFFF1F22
:10CEC0003FFFFFFFFFFEF8F0C08000000000000001
:10CED0000000000000000000000000000000000052
:10CEE0000000000000000000331B1F7F7F7F7FFFDA
:10CEF000FF3F9FCFE0F0FB791DDDCDE9E3FFFFC0F1
:10CF000010F3F3F7C70FFFFF3F7F63060000000039
:10CF10000000000000000000000000000000000011
:10CF2000000000000000000000000000000000FF02
:10CF3000FCFEFFFFFFE3F8FEFFFFFFFFFFFFFFFF29
:10CF4000FCFFFFFFFF0000000000000000000000E9
:10CF500000000000000000000000000000000000D1
:10CF600000000000000000000000000000000000C1
:10CF7000073FFFFFFFFF7F7F7F7F7F7F7F7FFFFF79
:10CF8000FFFFFFFFFF0000000000000000000000A6
:10CF90000000000000000000000000000000000091
:10CFA0000000000000000000000000000000000081
:10CFB000000000010100000000000000000000006F
:10CFC0000001010303000000000000000000000059
:10CFD0000000000000000000000000000000000051
:10CFE0000000000000000000000000000000000041
:10CFF0000000000000000000000000000000000031
:10D000000000000000000000000000000000000020
:10D010000000000000000000000000000000000010
:10D020000000000000000000000000000000000000
:10D0300000000000000000000000000000000000F0
:10D0400000000000000000000000000000000000E0
:10D0500000000000000000000000000000000000D0
:10D06000000000000000000000000000000000E0E0
:10D07000F0F0E0C080808080808000000000000030
:10D0800080C0C0E0E00000000000000000000000E0
:10D090000000000000000000000000000000000090
:10D0A000000000000000000000C0E0F0F8FCFFFFFE
:10D0B000FFFFFF1F1FFFFFFFFFFFFFFFFFFF1F3FE0
:10D0C000FFFFFFFFFFFFF0E0C000000000000000D6
:10D0D0000000000000000000000000000000000050
:10D0E0000000000000000000331F1F7F7F7F7FFFD4
:10D0F0007F9FCFE0F0F3791DDDCDE9E3FFFF00E096
:10D10000F7F73707CFFFFFFF3F774600000000002B
:10D11000000000000000000000000000000000000F
:10D12000000000000000000000000000000000FE01
:10D13000FEFFFFFFF3F8FEFFFFFFFFFFFFFFFCFF17
:10D14000FFFFFFFE010001010000000000000000E1
:10D1500000000000000000000000000000000000CF
:10D1600000000000000000000000000000000007B8
:10D17000FFFFFFFFFF7F7F7F7F7F7F7FFFFFFFFF3F
:10D18000FFFFFFFFE0003C00000000000000000087
:10D19000000000000000000000000000000000008F
:10D1A000000000000000000000000000000000007F
:10D1B000010101000000000000000000000000016B
:10D1C0000101030303000000000000000000000054
:10D1D000000000000000000000000000000000004F
:10D1E000000000000000000000000000000000003F
:10D1F000000000000000000000000000000000002F
:10D20000000000000000000000000000000000001E
:10D21000000000000000000000000000000000000E
:10D2200000000000000000000000000000000000FE
:10D2300000000000000000000000000000000000EE
:10D2400000000000000000000000000000000000DE
:10D2500000000000000000000000000000000000CE
:10D26000000000000000000000000000000000803E
:10D27000E0F0E0C00000000000000000000000003E
:10D280000080C0C0E080000000000000000000003E
:10D29000000000000000000000000000000000008E
:10D2A000000000000000000080C0E0F0F8FCFFFF7C
:10D2B000FFFF3F1F1FFFFFFFFFFFFFFFFF1F1FFFBE
:10D2C000FFFFFFFFFFFFF0C0800000000000000034
:10D2D000000000000000000000000000000000004E
:10D2E0000000000000000000311F1F7F7F7F7F1FB4
:10D2F000CFE7F0F8781D8CCCECE1F33F1FC0C0DF26
:10D300009F3FFFFFFFFFFF7F3FFF0C00000000007B
:10D31000000000000000000000000000000000000D
:10D320000000000000000000000000000000FEFF00
:10D33000FFFFF3F8FEFFFFFFFFFFFFFFFEF0F3FF2D
:10D34000FFFEFC07010101010000000000000000D9
:10D3500000000000000000000000000000000000CD
:10D3600000000000000000000000000000001FFF9F
:10D37000FFFFFFFFFF7FFFFFFFFFFFFFFFFFFFFF3D
:10D38000FFFFFFFC8010F0E0606000000000000084
:10D39000000000000000000000000000000000008D
:10D3A000000000000000000000000000000000017C
:10D3B000010000000000000000000000000001016A
:10D3C0000103030303000000000000000000000050
:10D3D000000000000000000000000000000000004D
:10D3E000000000000000000000000000000000003D
:10D3F000000000000000000000000000000000002D
:10D40000000000000000000000000000000000001C
:10D4100000000000000000000000DDDDDDDDDCBB01
:10D42000BBDDDDDDDDDDDDDDDDDD9888888888883C
:10D4300088887777777777888888855555566666A0
:10D44000666666666666666888888333333222223B
:10D450002222222222222228888D00006572726FE9
:10D46000723A202573206C696E653A2564206273D8
:10D47000705F706F72745F696E6974204556425FA9
:10D48000494E544552464143455F5350495F4857C2
:10D490005F33206E6F7420737570706F727421210A
:10D4A000210D0A004932432D53573230304B0000D2
:10D4B0004932432D3430304B000000004933432DB6
:10D4C00031302E304D0000004932432D312E304D89
:10D4D000000000004933432D342E304D0000000081
:10D4E0004933432D31322E354D0000004933432D51
:10D4F000362E32354D0000005350492D48573357D2
:10D50000000000005350492D5357335700000000CE
:10D510005350492D48573457000000005350492DAF
:10D520005357345700000000554E4B4E4F570000E4
:10D5300050D5000800000020C00000002449000869
:10D5400010D60008C0000020480D00003449000833
:10D55000FFFFFFFFFFFFFFFFFFFFFFFF00000000D7
:10D56000000C0140000C014000010002000000001E
:10D57000100000000100000000127A00000000000E
:10D580001A8800081A8C00081A9000081A940008DB
:10D590001A9800081A9C00081A9E00081AA0000891
:10D5A0001AA200081AA400081AA600081AA800085F
:10D5B0001AAA00081AAC00081AAE00081AB000082F
:10D5C0001AB200081AB400081AB600081AB80008FF
:10D5D0001ABA00081ABC00081ABE00081AC00008CF
:10D5E0001AC200081AC400081AC600081AC800089F
:10D5F0001ACA00081ACC00081ACE00081AD000086F
:10D600001AD2000800000000000000000000000026
:04000005080000ED02
:00000001FF
